feat_0,feat_1,feat_2,feat_3,feat_4,feat_5,feat_6,feat_7,feat_8,feat_9,feat_10,feat_11,feat_12,feat_13,feat_14,feat_15
0.5651039698689462,3.3691047897461606,0.34646441507724035,-0.018852626907433147,1.3163378457395079,-2.6551625270539443,-0.6919379614263299,-0.2546951106701589,0.19216283665444664,-0.04158006615568535,0.11714182153536015,-0.8020315662538515,-0.007195221563987881,-0.1436257127281578,0.32112883110956736,-0.04056647243513809
-4.876293865172743,-2.0185545234627402,4.256268977326674,4.3648151822003936,0.35564509155053137,-0.7777575978729616,0.717350051596617,-0.8618571420711858,-1.9579049941895215,-0.7491171773966818,1.2279604453111677,0.4181855009265339,-0.6561178842951757,-0.16148807523527176,-0.18533722144386244,-0.27320387369056853
-3.9726506582768915,0.8380925085200219,2.152908775341513,0.3884922900290322,0.8933116625866339,0.8121458521962805,-0.6410506760790078,-1.0894305487645861,0.6721245466433479,1.471051194041948,2.0758130743725207,-1.1529191843844622,-0.10888932393695955,-0.05716405325138409,-0.19245385662078088,0.3284296501505158
-2.384165761825783,-0.1928680578248877,-0.32550475170713256,0.3374110104288776,0.23245191947288607,0.07306725338786899,-0.28652348471535305,-0.4884671592972135,-0.2665951045636999,0.04467356211338769,-0.19561033283839593,-0.09814699081908465,0.2857149088220001,0.2253314086993078,0.3548041257583581,0.13633705510395722
-3.1320302972772893,0.48344529307520745,-1.5649186352882392,-1.643346943883567,0.024620675075691205,-0.31703814217159487,-0.12761462926291386,-0.20760896955085323,0.15308477122298647,0.0975416036136706,-0.23900572160533168,-0.05791182902038898,0.11856137226319687,-0.07695579183236748,-0.12530143957196174,-0.07988882221523068
-4.204852217383487,2.327726590993592,1.483550300148965,1.8770260293959442,1.5878350287389043,0.16081445493718405,1.923580395082959,1.4162653939784642,1.2664885488908129,0.7856348710311492,-0.28466720194425055,0.5014090089719524,-0.36416761307603446,-0.9748797747357539,-0.3696578379228475,-0.2895691750614277
-1.9653005981857457,1.6501864376619964,-0.041439519929697514,-1.3903130379364763,-2.4140605250950347,0.25578964066483045,0.3917100519291483,0.8223748455003029,-0.4801691991772005,-0.09668793701048373,-0.2520114087515096,-0.13411355741287467,0.2530068544930986,-0.671004641254792,-0.18972868982105923,0.048794836900535564
3.50697071044005,-2.391858983604485,-1.0054877138301919,-0.44578365201282844,-0.4789732449038966,-1.0407763543675796,0.258687214819344,-0.1490174338339516,-0.29405747827777434,0.8223253482020769,0.25607191694890385,0.35032355560644535,0.13945956942488086,0.10616469092511789,0.07415078158077462,0.47582056805502
-0.1738166307123476,-0.23471840606398928,0.7405525392201334,0.5964052286420435,-2.9346295304186922,0.15500637292292177,-0.400159498916799,-0.14520760795307727,-0.8189086746766043,0.013883238880176651,-0.6888858473371393,-0.12340775629496553,-0.33245438505236335,0.32249271878354313,0.37616920818785776,0.16960921373907745
-4.008796861900721,-0.4492871983934552,1.867083178639118,-1.7901824727163276,0.11596845910368883,0.39760423327689565,0.3947970746547745,0.8831142651288224,-0.48705118588455326,0.22482299895600882,0.9753665856012492,0.020581344704174526,-0.13785204171132684,-0.8089273155530057,-0.40333304694078986,0.10609380951362915
7.655957544071649,-3.7936876819515475,0.17498079074440112,-1.4541385844959098,0.08204287354247569,-0.5814032313065992,1.2516907806258397,-0.49539085604616784,-0.166410983371452,0.33625527085109197,-0.8165619061690209,0.17201821288750926,-0.5196983515155686,-0.31277496762049145,-0.3105201576916936,-0.35437812964826754
4.016764218349592,0.41353774734941834,-2.1813915193453846,2.274411978269852,0.23692137272053165,0.22668796831568302,-0.02404012958595601,0.14911909322895459,0.048221449508274505,-0.5127905156416758,-0.3258869094021373,-0.18729825673025344,-0.2598460104203005,0.19825739593864344,0.06225871128411931,-0.37251811103742716
4.556394712303959,-0.844908323413838,-0.5986500997041833,-0.8102042802744325,0.26648375890505976,-1.3524272758742761,-2.1266706454409845,0.4724075756964665,-0.8349862393660162,0.2856184249933688,0.03445935478314228,0.8192002618123471,0.3676734723528923,-0.28959201121376205,-0.17826561051863937,-0.22043952520582197
-4.450245599111737,-3.029045068707384,-0.12981511024698403,-0.6299138239728744,-1.4592517197971862,1.2882407963410973,0.005251127816171001,0.38641553144890434,-0.07404931437720146,0.545111746586928,0.39867625522806527,0.3136106778025534,-0.19744550064021554,-0.3963407167362224,0.129333807520136,0.010575493064938768
-2.0836898002169804,0.026140565454314566,-0.31983381095173824,-1.8348110760757435,-1.1227519487456543,-0.08605465156537201,0.402497050724411,0.2983296840819543,-0.006347486805807265,-0.27122053709887445,-0.013277863851368954,-0.21017968777916735,0.033807781302849026,0.1113039134441249,-0.08673073648508489,0.01579990192475969
0.6959622178368641,0.827562546663936,-2.5713547913926065,0.748453573689438,-1.076984893495592,-0.929015488104442,-0.37810328039083413,-0.014200180034772036,-0.029065823675889474,-0.3839396691939074,-0.533965599070377,-0.4155591706221303,0.1589494079814235,-0.43403511485691293,-0.596177989916418,0.02113232635829118
2.789867275712455,0.5078559280569437,-0.5817698400775599,-0.4212450621792329,-0.37830040716311863,-1.2252233772273549,-0.9720088717797866,-0.06916451422868422,0.07895116699763857,-0.2603952657620717,-0.3059035333206224,-1.0078649576248255,-0.5043862834439409,-0.06804420999562706,-0.1761288105118986,-0.4522961752169853
-2.946282996403311,-2.622805860391139,-0.024088690353031184,0.2501089678667539,-0.5057378081167877,0.8130202204109604,-0.4929981669696476,0.035817656688012636,-0.5485718670038733,0.22800984860463333,-0.0707117827627586,0.4919566246916054,0.3027904811910175,0.25256702965469346,0.04728247569676847,0.10393751405025119
-1.991363741930363,-0.214562512840276,-0.6693530712898511,0.05497829045393809,-0.031212562573965083,-0.011976864483821334,0.035059307245840506,-0.3985135581546992,-0.2268410031158606,-0.021212186866523527,-0.15359547315557404,0.09560721029312266,0.13472662580228012,0.4640847860628432,0.011816956848306274,0.12920318970881758
-4.565223086882946,-0.06147406342824982,1.260198513767187,-0.6648721304500487,2.026404694113505,1.1712346522195736,0.34730779047483135,-0.04794987783755562,-0.5482451462969274,-0.002103927329503601,0.903237761812774,0.16139480278880297,-1.002882213325163,0.24077033904079512,-0.08512896169494073,0.12023361629723439
-0.6687561190141461,-2.412136278475847,-1.5830589857429451,0.43752119395644284,-0.45686524908422366,3.2171740536120463,-0.18771056347266127,1.1642637753389835,0.4878689486506985,0.19043935043628746,0.6277458927074067,0.23377574346763913,0.5392527673632506,0.07367720054408457,0.4049208472927429,0.2190978915021285
-2.4061827363903903,0.661811178717569,-1.7280943334638552,-1.7594415240170684,0.6950835888584947,-0.964697970468482,-0.052366766678545305,0.013601808647504932,-0.13722312858777816,-0.2366916491572645,-0.5988715216479188,0.49936410993751795,-0.015916490252849892,0.18504222825435768,0.20292549751001104,0.16988618879146183
-1.4189520281857724,1.5635900262080797,-0.8069908556820585,-0.7870745866459034,1.8186759288651582,-0.5192009957462854,-1.0337863441726856,0.0017687939114593497,-0.23237944892199722,0.1007098262694153,-0.3524644060417166,0.35442418164418843,0.12107291260946404,0.30477248335948154,0.3288871042672114,0.2405460215918086
-4.8045614792228974,-2.206303693631377,-0.34216452829648136,-0.7083961154984824,-0.8829321423743716,-0.6616988967419074,0.1747326737632016,0.1205677212900337,-0.5161219653024114,-0.1348105831629616,-0.48897388995134716,0.6457252792580342,-0.2594295947796547,0.05376261300583167,-0.011570004322315041,-0.05335971408960203
-1.099255586094253,-0.4052901624062566,-0.9321585916384062,-1.9373569049556298,0.3597679701920144,-0.6335873599077168,-0.3742441161661208,-0.3016159034105999,-0.7610301392423124,0.22784025953254458,-0.4970676269217894,0.5607919035130525,0.5323866856586448,0.02370286950520531,-0.40086554064101904,0.034736197623739876
2.3319859964555545,3.830685994252102,-3.143546617540368,-0.13188713637447028,0.905038943959788,-0.6097157451008349,0.4299668304039398,-0.2614234157846538,-0.29552119817031725,-0.21623127270657136,0.007642819922712139,0.23267422368100804,0.1147495724659438,0.0275262060189549,-0.17432296620786764,0.06507661293094281
-4.138476918580866,-0.440554982482458,1.166551565378199,3.1140595901047017,-0.3315195349917653,0.02884049933780561,0.011895579412272279,-0.36112138999003857,0.4355540245275236,0.2814877246415124,-0.5857959524488922,-0.17531394504138817,-0.33713198368777675,-0.18641872991849,-0.051325261010430764,-0.26946280878451623
-3.85336463372456,-1.9061110728792998,0.5722102768020693,-0.7269122958494577,-0.28376904617307963,-0.023243539699021244,0.0026668545248617575,0.5658328157855728,-0.18940465869158002,-0.0679741585204711,-0.2835465597037027,-0.11555432420872098,-0.6045178936686815,-0.03540442073841059,-0.09005990235207291,-0.134778870143315
-3.5293440084009013,1.7404288625170243,-0.13452251745287794,-1.9293909763730364,0.6145350879542587,-0.8922176639244872,-0.12492446649285914,-0.5358215690593415,0.21671698215825522,-0.09206766751485039,-0.3900231936387297,-0.409719178965446,-0.0874340450025969,-0.47188932535564293,0.15429840372065007,0.2775741624760778
-2.929341723563555,-1.3994597831629005,1.2415657924379382,2.6576086009110957,0.09611785712131139,-0.4067942504559387,-0.8240976525165945,0.6860756204908107,0.45642689892104416,0.2951725430617542,-0.8618740746605955,-0.09246708056125179,-0.007242103339166256,-0.10426729676905197,0.020436211034986666,0.005897141177091015
-1.2109029047367457,-0.11170604765620724,-0.9288387831340915,-1.4161284345012228,0.5129589364944781,-0.2585354354840056,-1.205350762393616,0.07917668586580993,0.2986006058947454,-0.07976204189075138,0.18443351940724265,-0.4288537707719158,0.1583076723400233,-0.08545143053265246,-0.1994638928435248,-0.13971653142405918
-0.47243711723819487,2.258585048311282,0.6565865094088982,0.26532841575351734,-0.016894444881078528,0.6588207654451577,-1.0009537295843802,0.1550964913183187,0.11940543268641099,-0.5160864368281107,0.24329604817671371,-0.6213200815135272,0.3576114113588948,0.27998042969918696,0.3827137427032551,-0.09739242537025727
1.4344381619201358,-2.4662000292598316,2.816887598149101,-0.7812010970588997,-1.7056656140763862,1.1400839273046397,0.09521716579406127,0.3312866205176135,0.16264973353523635,0.38451878482463675,0.16346281792196196,-0.218625332003835,-0.38892355328025285,0.7892972662331729,0.011108344010345314,-0.03505298229076103
7.409850784186469,1.8250741083973745,-0.1700127268131594,-2.5279231500160826,2.439767485449964,0.8245828825051095,1.121871254731617,-1.5108750035497522,1.567216511938792,1.447713206265657,-0.2513712991389505,-1.5475775221491557,0.36951713924871,-0.548452581765759,-0.25733824253180154,-0.4361888029249495
-1.9886260847904973,1.4060174016561449,0.5374994892609668,-2.0111344347098847,0.5141092608023634,-1.9533724196205158,-1.0153681213456762,-0.7507993569652331,-0.6367311073876533,0.11021548122269487,-0.3405827862434889,-1.279375976898256,0.21719808187999692,0.7954421871169344,-0.06563410275057495,0.0961032265965842
-3.139472902023145,-2.0072547070145523,0.4114318208910145,1.71030680497345,-0.04280654275890403,-0.23899996929072348,-0.2422591256115772,-0.14883689782503082,0.509874972429976,0.48264429858178653,-0.4293481593334167,-0.28649549199903185,-0.03575843453500378,0.316305402191163,0.019222396943521115,-0.18364953784695967
-2.2407215822111195,2.8049663652936654,0.6449483426558273,-1.7512402862874898,3.5396583631921383,2.2178688029960805,0.8521214754821764,-0.9851135535565251,0.7700979864521692,1.060532486666485,-0.1635847396425053,0.23384376681275804,0.25968429347637323,0.49537010004873094,-0.5213230379213629,0.5221467236673396
2.0546989880588225,2.258443398553154,0.9642722312095268,-1.9181262257241434,0.26287981184719744,-0.14106414039959783,0.7067506312876847,-0.18660976395070097,-0.7939925351182489,0.37890989742817005,0.30731462438675977,-0.6627405101035978,-0.79796392684589,0.09643613858800337,0.6980262223830708,0.11991441094583997
2.234375847609411,4.266149699270412,1.7281889438143734,-1.5255924494108275,-2.1403407716427805,1.3019620104451737,-0.11953140835594149,-0.2585906047077458,0.1459572272666432,-0.4321599444895355,-0.48956871954779235,-0.5798606970047768,0.12499186628435131,0.16869453920737223,0.3359792381615716,0.3171683837028232
1.263603262466213,1.9524106957086287,-0.4107550163201813,0.5174480890096358,-3.727291617772044,0.39284347355771854,1.1752692623291974,0.878986184052601,0.06125115183475128,-0.8315981577899052,0.22924984358929196,-0.536915430296911,-0.2257142052645462,0.622538712752233,-0.5119284190360721,0.5280399115938065
-4.0622850608854435,1.2236569308555116,-0.19712155819674626,-0.8157409256274684,0.5663351588111666,-0.9247659745412755,-0.3481759626487031,1.2635034932511517,0.5810521710130996,-0.523846139618806,-0.12461475121340922,-0.07323299314126863,0.1256726458797066,-0.9052669893295587,-0.14362025164266196,-0.4565207524816068
-1.9099651376958526,-0.8889798517281078,-0.11063735585329333,0.12965093217241264,0.517899689600602,-0.3298454222023094,-0.507131977496931,-0.5241007520706514,-0.4482661320900256,-0.34979664407650113,-0.12094541624272087,0.10905691622569408,0.21703041191211456,0.6227009049907095,0.13144111695883426,0.006925419316065637
-2.2398944176534243,-0.8102326172911991,1.074630259130118,2.6924137525504355,-0.7870507909497422,-0.38162670972191254,-0.7664867243440977,0.597379633081524,0.5208268547025003,0.3156962604339722,-0.4411589564077986,0.20719862361758512,-0.562333163970538,0.14910071296276375,-0.08781363271621709,-0.09229980188370823
10.970396734661099,-2.5039381414687294,0.6856932655287131,0.1453425896213202,-0.8601266337036149,-2.3230755719741,0.7124360122335707,0.16352413522161774,-1.2645621296826282,1.1568695413331007,0.3729576415249889,-0.36166627330957946,-0.5015641966752603,-0.37005234081716737,0.5022091570964028,-0.39063381995552926
-3.1700419765983088,-3.0093435050592556,0.1332030213277517,-0.9424968638862158,-0.3567058375053042,0.6833428631132537,-0.14714877564303674,0.03745126529518251,0.18264965859702495,0.14216541330128182,0.43138972438818723,-0.11789481356165238,-0.06848452159972544,-0.02442013767575745,0.10952361113505865,-0.036740183020966946
-0.919047877817924,2.3204075401604705,-2.0666860892983783,-1.0857671342199153,1.3552145897717243,-0.5633868965854456,-0.26018034571899035,-1.07265656336723,-0.19670111237735555,-0.05499673389047147,-0.24957944704893167,0.15568584062428706,0.6010861905314424,0.1790301318439326,-0.07830947953865396,-0.09381160624434252
-2.9585217477038817,-0.6271054287410449,-0.4759171697532828,0.6579888204249634,-0.62452157733715,-0.3408446071492599,0.5713060027397238,-0.3041203470271202,-0.569809154983314,-0.326594391106357,-0.13295113443616144,0.15518972741794,-0.3050691323315439,0.16973528393139437,0.3688864744545733,-0.012718956605881997
2.478837885118895,-1.5747717785176742,1.2628172169374492,1.8493231743222036,-1.3278249305408785,-0.9525044255869756,-0.800058432247612,0.7807397794174558,-0.1862013986927686,-0.9643553273024946,0.3828271215376224,-0.7039841663719032,0.054003287983575725,0.3192450246525141,-0.052378804865359556,-0.21027611618949688
5.534299104632616,0.6996149064030677,-1.5639217484473666,1.7468116266645433,-1.011856173365944,-0.44281975443310545,1.5921326315002513,0.8924987331805659,-0.13291131031995854,-0.17548970250053547,0.3662339400455598,-0.39424668588016737,0.006869062498700999,0.9716549327389253,-0.47089602016895027,0.5709918662338213
0.5597891985457599,0.6029173727049207,0.06441027763491247,1.1118529724501478,-0.1928444686448634,-0.8354869160235389,-0.3129134518381372,-0.5568962060179848,-0.3143182275252195,0.23593400774964443,0.8517497585591318,-0.5955415207645562,0.4655632280205417,-0.21060690039040542,0.07783981121120716,-0.02078953664840403
-1.749275978929037,-1.5334783661062972,1.5105555082389497,0.25398117563570327,-0.6107196600525033,1.643447211158857,-0.09311070632442175,0.04451627010278041,0.2797832474605097,0.17056672872777165,-0.8596369146884465,0.02565655021084361,-0.3287197725901598,0.5075707194530477,-0.2978924665431576,0.038674035721100175
-0.5382577581395734,0.13408700783860653,-0.9799369252777993,0.5051833142402251,-0.27458280048945394,-0.719173258347587,-1.0170727018862997,-1.1779635415737986,-0.3433320432681146,0.012400463290136964,-0.033421760332735674,-0.27788649308830854,0.16121480672371058,0.2390076156879138,0.007521158436109572,-0.09845186289646334
-1.259930184724007,0.5380094223211453,-2.551205488449065,-1.153441354110304,-0.03219983291974242,-0.02482597834583592,0.0392891697440932,-0.38799180055448595,-0.5992850913661765,0.339272556345576,-0.24674484398086702,0.26697479681310304,0.558460274170083,-0.2145811040298303,0.12288721775095886,0.07250825189272078
9.016362540189222,-0.778177755529489,1.304870937714973,-0.8134735268706837,-0.22894393130801027,-0.5068996175293582,0.35047968474706154,-0.9783629700580092,0.44840446895965574,0.4475773926389815,-1.2229455082884733,-0.2786376590854445,-0.6413959220582695,-0.7258439060305379,-0.21046736746794925,-0.04129390594802337
3.5106993016305266,-1.067079816494133,2.8947994509929176,-0.6817916162341421,0.14337607244828868,1.2959379160003937,0.23154787680314307,-0.047752845553387095,0.31501439307560675,-0.10071015493367375,-0.22446390580199843,-1.3397796055461129,0.5636147329822447,0.9004676755394241,-0.17407538193357136,-0.14768910093137105
6.625227271488048,12.121020376676343,7.210232544988246,-2.9444517976858307,-5.940568597087004,-0.03716772017408835,-1.9604741860326262,-3.2281144514761793,3.904280805484928,-0.25736172963150344,1.2010125117499786,3.4175480782560443,1.4919035625227501,-0.09439461201169631,-0.08383061838111767,-0.03219085652534487
1.7164308090271692,-2.482161428498837,-1.692654281721446,0.6075950957967268,0.2700408500468665,-0.23411328163343334,-0.6835994684393658,-0.0643528150346424,0.7801355711630233,-0.012686303484601189,0.02042253312682586,-0.015328392513919039,0.49237367422670314,0.10861922455903719,-0.012181864576964583,-0.22991722320767077
-3.2974446691429398,0.055675345912115634,0.543907267987331,1.119669755594278,1.4421093966006937,0.18871898678804847,0.008371059701724496,-0.22614305006816404,-0.44850042475564084,-0.419841381692635,-0.47230568067700857,0.5593840783825923,0.24675627286785595,0.21607707483447205,0.059322358127640376,0.09081782887611814
-1.803470987650322,-0.814777254533825,-1.0088153203310786,-0.9136654055160385,0.1711035547203288,0.9073225775772026,-0.4967793675742878,-1.0132372022457765,0.2523743541994421,0.6989862907850525,0.22480011994438373,-0.5715177359770526,0.15852736535933543,0.31912049830445666,0.15069510927191943,0.12117853757066252
-0.6219971945475536,-2.1036858538527627,-1.053383410986291,1.1435614608040605,-0.4771358782546391,-0.4829480224485321,-0.3041943818723595,-0.03842057045943112,0.47372570598165226,-0.184172200700047,-0.26808362241695766,-0.049275202140309074,0.4375691062655278,-0.094984085156145,0.008399311902620731,-0.016748096144473888
4.723366929308137,3.2232238704527254,-1.6679758462540177,-1.8449834961972924,0.25886830639562974,2.5311280688716855,-1.1282033181862967,0.09277934713513279,-0.3770038617359173,0.00763730015462812,-0.053264972275383876,-0.9716055263355264,-0.2831574636355961,-0.2849974924717879,0.14083150042797046,-0.05512801791207097
7.191280121364712,-6.237086070290856,2.169620879549177,2.3105602493883373,1.8679318379397787,-0.6707976949043704,2.668186674585018,0.13017373588171854,1.8978339989717958,-0.8280350195427488,-0.1280582821019867,0.8312417754805922,0.1575300188795169,0.23132178541895365,0.7949621007343707,0.26268212296738985
-1.8757424888556222,-1.0977886982395846,0.6897023358376743,0.9493522968018309,0.13490037664594207,0.19278153135960094,-0.14930468627135673,-0.040189220442227204,-0.03724167714473398,0.06116496872492026,-0.5084107301491666,0.15111115771331507,0.2159308726602981,0.46700027308113834,0.08087339078428052,0.0748506881656542
-0.5354300965263261,1.2423696011970726,-0.9562573609555495,-0.36497418899590894,-0.5526789380420108,1.1738021475071185,0.10241192008027979,0.7912875552287288,-0.010629528847910328,-0.2751879403746539,-0.69759698963424,0.4386436930140102,-0.06982007983663407,0.21026892998834185,0.0324449370504538,0.17359569667844107
-2.598158180807072,0.7380597966361286,-0.2585393752899166,2.467808866793929,1.4671979374056459,0.2608436582516303,-0.09148426572808684,-0.09791397957400354,0.7527131630135053,0.06941415955273357,-0.40205268536148275,0.24065994506050217,0.33587468517164215,0.08537480018510035,0.24725255166200732,-0.29341533339705145
-1.2220163394161954,1.7113568085902564,2.2325442590569744,0.9061236781287426,-3.564402160542681,0.4946503070626518,0.7544090107584992,0.92437915036822,-0.6926349922373415,-0.3390244755518119,0.09926124774563005,-0.15800287551550554,0.005353779827732808,-0.29387199271236225,-0.03679689896503126,-0.33702064509094504
5.103250291413527,-3.052033962937698,3.0502632692221883,-1.1373160064092986,0.4176252449206334,0.6021219432428253,-1.3400526909450048,0.2746266046896712,-0.2188796179107981,-1.0023285919977207,-0.6090101869726373,-0.9204490656581109,0.04419484157209772,-0.18743258229481916,-0.13860928792014404,0.20629335689298062
-2.0278882205561066,-1.1290235435994889,0.37881772418636156,-0.9935836687002609,0.22323844464814455,0.12207583836561879,0.03820174368688916,0.38986585028151083,0.23631220251927662,0.0355037594075649,0.32626972143915556,-0.10301517316317695,0.025987112299517546,-0.2840105437434787,-0.009149115797455297,0.01753647889912896
-1.433014769999638,-4.446846592464793,0.7032654498210249,-1.9747196255104182,-1.1221401645942706,-0.5327075422930144,0.40254983105092296,0.010145808142008996,-0.982783714187195,-0.32828311760936985,0.5517015700924226,0.3251863500498274,-0.13021246394653954,-0.18526058296198122,0.057275262086969446,0.07160186620617409
-0.4910501584319142,7.132340012508542,3.275610011257238,-2.7566996718179335,-2.0470475453423367,-1.804370324956202,2.776190328825313,2.088640418516452,0.6167759751554054,2.292834465310424,-0.41851940605395954,-0.06828126526180874,1.1081861332818908,0.6066896911874652,-0.06533860445326428,-1.2795525052349237
-2.107981580480274,-1.871571156712541,-0.8241532025255934,1.0745996942407545,-0.7006830527641351,1.134081935585749,-0.16511002478295297,-0.22569221000179338,0.5578104016013852,0.16454828363814059,-0.19216256825145805,-0.24428059894626428,0.034079475985287176,0.003328519849370687,0.01553640906443896,-0.01919491247445517
6.267382099333067,-0.918758342286194,0.18991792676739158,0.9640222322509995,0.8770999679202938,0.10863810415950627,0.6004560880845848,-0.4648358413073494,0.4633063364462739,0.2949729527132749,0.21687368040320154,0.23220211665022725,-0.8176020109675415,0.2731960265279728,-0.45500466756866814,-0.38972796278945365
11.326657842543716,-3.8684337462067147,-0.715841661764722,-2.342679297948012,1.0264352048404062,-0.32863729375469825,0.43657015176926234,0.7714267374235623,-1.105740820713819,0.28943359479745834,0.7550341060175131,0.687010901035003,-0.546937783484635,0.03732821408359602,0.3885662887464006,-0.3754391422985359
-0.6348031690737166,-1.4912826570600541,-0.8755629123154067,-1.6172121262430788,-0.2615769071852083,0.1492238307441389,-0.6780122067383895,-0.40489341558400593,-0.40407088707118965,0.4229209912276299,0.22746354002161717,-0.30422430818591684,0.40747398588223976,-0.0927813082058853,-0.05433679598246459,-0.055854143747000824
-2.332504266049475,2.146986587512111,2.2733568335801344,1.0563907301960325,2.9844567817607492,-1.338697197749153,-0.9580137427216889,0.5104375723041364,-0.4969421017370995,-0.6120699149633881,0.7454598388020666,0.08654500045930869,0.056553398609134865,-0.49764327550672793,-0.2872663709094046,0.04080870793176588
-1.335546796144521,0.3309863898519352,2.826501593745773,0.36552195608810634,-1.628858360577849,0.9748534078263695,0.7741714831398844,0.202221803415765,-0.22890603008346858,-0.21382666466736172,0.12205104645817973,0.20998767976377897,0.24356259729406754,0.2563512445935062,-0.23060868140580354,-0.19429601289503692
9.088334709209365,0.316302008378847,-2.4835757327112256,1.22115488643113,-0.21179845129319788,0.7106690289693621,1.0475061961325993,0.10309619214770685,-0.6191944358391118,1.6721965701689614,-0.33307796619380714,-0.4658972243557557,-0.020387434959281955,-0.32870024021755667,0.2774964117777102,0.2597560299504169
9.613346056817143,1.6888109823804531,-1.2804975913279384,-3.3723484466471674,1.7955725968620961,0.9259275725742022,2.519209317671305,-0.3832195284411858,0.009421591724207166,-0.9465746055328992,0.3951708490279231,-0.2774233780525803,-0.9987323762497473,-0.5650819032349678,0.2552286813724964,-0.700791180839924
-3.5170913510374113,-1.098649413223826,1.0042355047302964,-1.8796741000756179,0.42530171022813795,0.43930899906464055,-0.33890544388945865,0.29057386466601126,-0.33842972541396144,-0.4461367203349408,-0.6039642066551387,0.051823942252253404,-0.45034835522577915,-0.3170299965505486,-0.383060365354874,0.19400313478444223
8.125472516984605,-3.277996423164722,2.030369734720274,-1.1771018014042929,-0.24776059008865098,-0.24567507990782497,2.0525068262529214,0.21830949783318374,0.02373333699792923,-0.9495178308608905,0.12588982862543874,-0.020681149314551967,-0.9654935182875707,0.31707573949973245,0.41357283260531646,0.04988978512106664
3.374752627039856,-2.2734957872128607,-0.06431041158182124,4.157704638908228,-0.5031087723203505,-0.35074221544835393,-0.3678710842204959,0.2175649021892855,0.7483646244446976,1.1715668092238576,-2.148754780241156,-0.2258876595214596,0.2811142411290817,0.07414904505527246,-0.2099708673868306,-0.13238741435439488
-3.246899728812045,1.3009686133280538,-0.40376602532211336,-0.11116020423894828,0.03434637646678539,-1.310780604995683,0.9580640920735304,0.32810808223671956,-0.5583882263840302,-0.6946931086266663,-0.18724967538178072,-0.009897027170201656,-0.043033446243671065,-0.4138473731776272,0.24581250302194385,-0.3032509001103422
0.6217454679253916,0.3896603817046881,-2.4681161636382978,1.2485490190396804,-0.3001619746036516,-0.9707719753473414,-0.09064831944448373,-0.23701631846240553,-0.2171788070494011,-0.3005960544795241,0.02412070380338717,0.18957758456484453,0.47240386961619435,-0.3804989022366996,-0.11329134943622701,-0.1636840146606199
-3.4061659566206344,-2.5263404701337704,0.07673889433225427,0.1531896389988673,-0.6142491220160748,0.39844898240453686,0.09244436471516955,-0.49972528015661694,0.03637708253504293,0.011108908948753594,0.29749716831447015,0.22309741872586114,-0.16298703898359598,0.031065669840698765,0.1421638445030005,-0.010677393948518042
-3.2221540751948408,-0.8139956150751195,-0.15137739591668906,-1.0413971319513682,0.5130465742847287,-0.5562843103301343,-0.8980834894976149,0.13114151098592064,-0.184272844654053,-0.03659192895721353,-0.3701867097459665,0.4391335322248644,-0.0863831293257116,0.13052244990490453,-0.3547844402145373,0.07563657686374506
7.793059978403933,-5.388011059730173,0.7374610660126875,-0.7012909255725961,1.0851730917163,-1.4911862581700317,0.5767467935314304,0.26009468371687244,0.7727553359889078,0.20864009967838862,0.03291538223396933,1.0808008980772803,-0.14633157263882882,0.18368388496134203,-0.13359707235994073,-0.011289394394414872
-1.5651347787447263,-1.1575834581726665,-0.01570252280237167,1.3445224412789987,-0.3676317196493664,0.6745425303802102,-0.7695389494091077,-0.7302630887648762,0.1462887837673186,0.15442629309847805,-0.15370652864697876,-0.36161061841052683,0.30273957439236426,-0.1729783025674761,0.029188511187981065,-0.1161063421093347
-1.9994193053198905,-2.3872021008571784,-1.6302492104185862,-1.7252278389574196,-1.8046162967950856,-0.4815736203301408,-0.15298710488399614,0.39735718647378443,-0.3158958491039263,-0.3999742453705654,0.4223968089807199,0.14116437750013475,-0.21634540583605366,-0.10045127465849629,-0.12571302159223702,0.04336600991814124
-2.034923951683224,1.8627129679070085,-2.1898196028258083,-0.5001422311388489,-1.3858772997279074,-0.23652673729548176,1.1630172675353183,-0.33666486891855063,0.024916693801967607,0.2593245731592896,-0.13421431337148662,-0.21881174636904224,-0.3600882789143984,0.5803636027049239,-0.20638514078691897,0.5299460216242701
-4.312989521113157,-0.6677491385596747,-0.5367787711309961,-0.5089229439294972,0.27150050562575095,0.6305500950436838,0.683101337703858,-0.08651187272669099,0.3304153999592452,0.19356839825401917,0.4206759367335137,0.0821592866188533,-0.13023734655629202,0.008368692592707023,0.2924250832440452,-0.06176401848534617
-2.607371279170577,-1.4249551129258773,-1.8553360566352297,-0.7329233436531274,-0.4688104579402101,-0.05696729049430866,0.3951857823249901,-0.1455766577056818,0.1337710213501505,0.26776267338964044,-0.21142919338889135,0.2778878024562448,0.24225083778602144,0.028992133965534496,0.3616097491931197,0.16194550771172836
-3.0750027485672278,-0.6854687220282386,-0.9654614004929436,-0.6119085686816964,-0.3818198054793274,-0.04504258406790131,0.6580525965826528,-0.023721028181952514,0.13876273298356115,-0.15320743841809548,0.13285349072006483,-0.12398775879590453,-0.194187258673703,0.07652509220663521,0.22405532841183956,-0.05097287828743308
-2.560727306269215,3.221976288822342,-2.139550823223604,-0.5724306872446939,0.2947036569638552,-1.700637079806516,0.3196246057498718,-0.12612805578479755,0.40449352377267095,-0.6781561136993726,-0.9889497595992909,0.38284019453561713,0.21616151125759656,-0.19645269766507936,0.3933340462949598,0.13009588876275827
-2.7998152718266454,-0.31323274094572523,-0.5862855592081904,-0.7070133589587122,0.012199405159549814,-0.6544063338549972,-0.708305288907043,-0.19708154739125683,0.011594133851544269,-0.5060457299713205,-0.8468525540841247,0.0902555955240106,0.1463533671834376,-0.4250386966674328,-0.11561639332815456,-0.08501680845400082
2.6382100721563226,3.3079213975801696,-2.2254745989947775,1.5105514328021075,-0.4203858531052531,-0.6630282814375476,0.11648076349238135,-0.2752633269683572,0.2764366013703318,0.04918258954961181,-0.1171576844395637,-0.5184440675261076,-0.10978293800961975,-0.18700631856938682,-0.271695228402788,-0.09812548847762127
5.92966460902629,-1.187201106090259,-0.38773823886659464,-0.9841939395630757,0.42358163737013216,0.2710870391057348,-0.4865011617645915,0.08276307453913961,0.07382563909634349,0.2863054942894798,-0.49623259192767566,-0.37572153291221505,0.5724461130524013,0.08614377800251638,-0.3930259613531434,-0.2531230624608719
6.08923118078822,4.98375007120752,0.27039439137552873,-0.9827147529395094,1.0119221581173052,1.738260868289617,-1.6223273939090017,0.3663051429216445,-1.366566694687374,0.10091851773252136,-0.7555157865479069,0.9669497850673752,-0.5285625949869573,-0.026863239545927915,-0.2180442244078506,-0.23697954374540933
3.9892846684821635,2.77180941258974,-2.501357344022199,2.946391693472249,0.01286808815804197,0.5889040038210537,0.6049950148207343,0.14044342084380873,0.6676436392414444,0.31829419871049286,-0.10491771622924013,-0.13250753368899157,-0.05087153050431078,0.49499174820606756,-0.4387550763306651,0.5800150960039041
-4.688067680091596,-0.37595827505216306,0.19075471209129494,1.321132157952955,-0.1888241821088462,-0.034544545305988966,0.8884005815418965,-0.40711131612951096,0.3235334052108677,0.37557717682474984,-0.16116892169450667,0.18909071821740203,-0.19682100352642248,-0.4908588167788211,0.156665674721285,-0.05747751682399798
-2.301972704719618,-0.03910043659686445,1.5607771883526318,-1.9594103530423104,0.9989016533207259,1.6638531116874102,-0.21707266541591022,-0.38082322909485444,0.8399441371264443,-0.3599043719433364,-0.01843647817063776,-1.2526187514026421,0.07369522279561172,-1.0470226597854289,-0.10098362906937647,0.16390479929171448
5.239208115976848,-4.194712330784277,0.14329658909389542,-0.08882080541263312,0.2931511559502812,-1.2654958986391383,-0.03895632048345263,0.3716303193987147,0.6491900987543782,-1.1328140645933786,0.11241587637065559,0.054713079440136925,0.19918505866929198,-0.19721718923478948,-0.06789755457466515,0.029045138010473533
-2.326746436133174,3.30970090108403,2.602379618723512,-1.1145869151704568,0.7423645288567405,2.651792317244785,0.257477271816949,-0.46559606757606364,-0.15110614000127504,0.06830083605410237,1.0645593137169804,-0.6487934505620433,-0.30962352845052876,-0.7237458497271658,0.0654174855810901,-0.02605816563033266
-2.552348184511306,-2.442310196823954,0.6679550325884962,1.7320810498747847,-1.19743674529467,0.7418515357264291,-0.26728918003836616,0.4761556388836355,0.6703442463965125,0.9169462746993543,-0.45831271480366864,-0.20288793332780306,-0.5111612405780401,0.1319812201109145,0.07031337588629241,0.01605887954820467
-3.3363116961898607,-2.3445221674377583,0.07210361465141388,-1.0809562937471118,-1.5472642763888498,1.371896532227411,0.20674528216831287,0.2396973884876223,0.16382942623745053,0.2240859608628466,0.11080362323187795,-0.017658737515785256,-0.32041294496194533,-0.06900615348372688,0.07491103175323405,0.224587606214468
-0.5365368886941895,1.7893930466865198,1.3707086508431026,0.005361420494959093,1.7826220027140467,0.364680570658997,-0.027191975857950315,-0.25184124599585705,0.026174159833983097,-0.24998020742502539,-0.4513225721018419,0.26679925451664316,-0.09514556040430408,0.34073691805969,-0.30153065478947955,0.036132609152263934
3.159904141999373,3.891568102654141,-2.9931525333972675,-0.49406312409292463,0.1595876735911755,-2.323356106026649,0.5777783818872919,-1.1135773876895338,-0.27490181152067145,-0.10937631947575656,-0.13218847117025523,1.0049627186058967,0.3254127568167414,-0.15675230763935694,-0.8954508598754912,0.34634410738464455
9.022629861801342,-3.6567824420996526,0.22313513134284202,-1.397118408519561,0.40386959594836147,-0.20440511477305864,1.4884880321105558,0.21466183681795237,-0.336885698782192,1.0289162227090989,0.0006339597006516084,0.46390015383119965,0.12686417156312213,-0.6636947303629435,0.5381386020597217,0.21791347715981393
1.044450324929756,-2.217410806615685,0.7532327177927369,-0.3533354284348958,2.2798977086416516,4.5115473366988414,-1.2947523233531282,1.0193695782510324,0.03414646359604746,-0.3623560331937731,0.21685520157098098,1.15413466807433,0.7496031743905397,-0.2896055122063559,-0.3766059876324523,-0.06253184327963834
-3.50626088843179,-0.5644428311853513,0.48411394690362064,-0.12390958236598477,-0.009681393390554495,-0.44183742164848505,-0.7302144799055261,0.6782640789784443,0.40090564325548594,-0.45274054939530844,-0.3469352952967449,-0.06317495004756525,-0.4410789443267455,-0.42741844981949234,-0.3519080435825686,-0.4096134847492611
6.213331542174825,1.8797364416765385,-3.068698482916386,0.534897773851121,-0.33061113110126655,-1.4370430107151477,-0.30188668595108004,-0.15801960631418244,-0.6561291180339965,0.8658304019746603,0.2824947123746319,0.7588830836731011,-1.4519555917843834,0.3128377074809896,-0.32177489596562187,-0.23018148348919512
3.5506930608285963,0.8838359116193695,-2.506516212873155,5.304780347773716,0.04404567292602251,-0.8106452366782062,-0.25874538175332745,-0.14963554691732964,0.5954980909422622,0.7345676411254116,-0.3978120494235027,-0.2229553067898134,0.22162000368623794,0.016511773346945337,-0.025541894003892694,-0.24781834112841974
4.775010134213802,2.8096254144920105,0.14300973495717126,0.5686314976563106,-0.9636766026062767,-1.2603334788168383,0.8749462008803104,0.09819626845160963,0.09232605282573986,-0.6240739314177612,-0.3946860108978411,-1.217270440703153,-1.1685756560950729,0.49927977378533783,0.014204021864554797,-0.33721093367740906
3.074882862054313,2.471566470074154,6.93842444395589,-1.03238986598401,-1.7396155699188258,-4.9638713195549835,-3.7599212895186462,4.005007748660279,0.7972751409360869,1.0011317885575406,0.12538047766649554,-1.0828457605129003,0.42345808621681125,0.46206839886319057,0.25732688673790644,0.7899875067554044
-1.7852700905303742,0.7904996159190992,-1.9414894362855624,1.1154375728132369,0.2910074673392892,-0.14755679316587106,0.2809204091714911,-0.2062064849928285,0.48053868857344734,-0.07543947324225014,-0.21932567862601926,0.11554734118160309,-0.011476316538604217,0.5484947270362218,0.2321579377216942,-0.081234171203197
-4.203416135544479,0.26597740615380255,-0.5710354754042755,-0.42684685351459106,0.5925751789030362,-0.08975870374604727,0.20362112392014364,-0.4166372363189172,0.706100629663263,0.40082278156177986,0.02001707513898231,0.011403571707205224,-0.15052703759521066,0.25104633173911384,0.08648741584593822,0.05792703060683136
-2.878046566314468,0.026581702169019346,-1.2041539275991153,-1.586740535652861,-0.567209094532462,-0.22091101372876554,0.651370759706152,0.4138118287772363,-0.012702412872141041,-0.12152470152361805,0.3362216580301191,0.1823161704376907,0.6851481689343967,-0.48850799908733566,-0.22220621971682072,0.02499476702694643
0.08512465926061633,-3.3656940602044907,0.334626207851871,-0.7105432606395471,-0.27587424177516334,-0.340741955874267,-1.8401210520917235,0.7530127167282326,-0.18700252326756064,0.31692000176250296,0.010469212555136487,0.2522505872668104,0.49533121974004096,-0.09204666492531542,-0.10780974316461735,0.25587372831672495
-2.0496640606434413,0.34368331273969854,-0.1806343014499414,-1.1874068071480477,-1.9452732627674225,0.8712686871641939,0.3735465747509282,-0.1276996443484768,-0.09364242191768897,-0.3793068072121539,0.19168811909108338,-0.05275094370895357,-0.2664778545300681,-0.16060410994316685,-0.3147989792842877,0.03660053631124486
-3.369276952188847,-0.8961007501621574,-0.9795858740968825,-1.1459322267897154,-0.22568762043718438,-0.6720501574165948,-0.0022099714054881,-0.3392819330320986,0.12211905122730675,-0.7131095285790462,0.9461134427503322,-0.2798137572484596,-0.07686718919679898,0.3753263603746771,-0.05045266200619696,-0.37540865258542994
-1.8391374286676943,-1.576871048012177,1.560787829522561,3.589366749836847,-0.0933328814807903,-0.828877978025025,0.344657664472923,-0.4273964039881549,-0.4290293561039003,0.18499758466422273,-1.0023864882256388,0.2691272765901768,0.4945154212909952,-0.1427842477479172,-0.008340220720074893,0.008658180806523088
-1.9259101064916813,-0.8715205733699392,3.3952255953671506,2.1995792756414665,1.062523105939921,0.26285951403272095,0.5039647465155399,-1.2083524374093935,0.31967645155814306,0.06075303931832985,-0.07734212822873142,-0.6896093379808921,0.03303218109492778,0.05494344469118074,-0.5493685504994227,0.054906072693077006
-3.850460629358101,4.484780843497693,3.3510887095309387,0.10572595351263142,5.105170460991338,0.3113115355371559,0.14170449873496802,2.1962940648720104,-1.0181916261003807,0.6823062497925362,1.1433749947949192,1.0598743390305487,-0.6267049842760937,-0.4771438138703987,-0.6615052053572642,0.4191778737732288
-1.931230089329607,-0.10752015600828983,0.5772778122231861,0.6116225068702759,0.8427644648279923,1.5090760155923706,-0.6116629005088474,-0.4156070872880426,0.09484240491283515,-0.5027508738247927,0.6703317511615634,-0.5055998700553387,0.42482326822318145,0.24719782689185107,0.0912154977569849,-0.3771096454837506
-1.8067976507114278,-0.044866321091440065,-1.5130807947312943,-0.45364675809214555,0.015321721314839687,1.0493066509762645,-0.07459660979792546,0.34875909416383166,-0.055009432881877325,-0.22105992482390652,0.13073691912971927,-0.08120458327934958,0.008895278945506643,-0.3329364849179372,0.3477587473245962,-0.24749530660209546
-4.548347040968216,-1.7405587658187203,0.0733208864217564,-0.22216421325097063,-0.8938347683581178,0.057635776703054836,0.8056072097523713,0.04678744059751594,-0.18525927422128485,0.050509354839293585,-0.30034169100191066,0.2906314107627282,-0.27943733303344925,-0.3930255444006668,0.16994792410617984,-0.022664298103440603
7.4979384110539815,-0.15047364693471502,2.3705875161524386,-0.6082032707798302,1.1808123793977117,0.1323420458241399,1.1693546920127273,-0.7320947257253194,0.4402631634196399,0.41104839347366107,-0.3424947300868555,0.28113223623240213,-0.5599812998665595,-0.42346510195667364,0.46486010766761804,0.14045294510856607
1.5647955336432944,-1.3111945172916142,0.65777154092225,-0.7381520410522456,0.696052251092969,-0.258617897305266,0.7921845348731121,-0.40490410500615975,0.3319091942087388,-0.20179234076381775,0.18049631703509672,-0.0018576637336637828,-0.12216388475332254,-0.07345278001295848,0.033258061003836326,0.10781126576626453
-3.555731110338833,2.600528576176593,1.5367963771242081,-0.03376490657755505,2.561488674114799,-1.9202261060157524,1.882338856313276,0.4343276388157362,0.643133252262091,0.6516811382967482,1.136583335049066,-0.2967940620218358,-0.5547725612644013,0.4276893305486525,-0.18901813126891207,-0.13888219613163064
-0.5053022637185516,-0.8395551796617451,-0.7679552584833199,-1.0633753844029263,-0.9827046591104157,-0.7072073537665344,0.9527337769455769,-0.9551983465468752,-0.7440010081516246,0.9220772298907738,-0.4846940981164253,0.14084683312710786,-0.19124964794447832,-0.32155104914915855,0.36029739358617424,0.21305600225373075
6.18740193727111,7.696685973863222,0.2765434719810326,2.5805821153904005,-1.4477934690622158,3.2907719385288456,0.12261121384165355,2.0287856867821286,-1.6833717277585893,-0.5981785206664328,1.091788581849034,-0.19596976446470293,0.20352970982300955,2.3964740043747708,0.44573283152296717,-0.06709618334459906
-1.4046769082692478,1.43513857194124,0.9128974180944739,1.0820337622553404,0.026024620059200986,-1.865004617220835,0.1375476615446778,0.5086346244433322,-0.40923201514680857,0.15919420576092846,-0.12328207559830395,-0.015645175358672186,0.18029573734739868,0.10857106290117072,0.18214781878438707,0.1321452376656238
2.36738219114808,-2.710258801385577,-1.3729100247581656,-0.011786059674289908,-0.09969405516644106,-0.15021127269015105,-0.21821313745258047,0.06712363550960129,0.24346325280027548,0.12939944636654543,0.25913309631602144,0.23501833255264057,0.44685037485169093,-0.2326969518591329,0.05472583881794158,-0.03646619662430679
2.8825151472236636,1.2271297615029424,-2.5649219593524224,-2.1371434448586055,0.16365752001698627,-0.8250617041794097,-0.13572691147362706,-1.1241006163249592,-0.5870833438555864,0.13985749656033222,0.06116860856902174,0.7701081276871721,-0.28542417962612715,-0.18759186462047928,-0.4339608676284214,0.018339788958224752
2.534483244129561,-2.5064940839563423,0.9754209585774436,0.6317794865386155,0.5541298148311659,-2.104192516069623,-2.2495611738727437,0.633243261234716,-0.0002048684179050534,0.5953425181066717,0.21045931106850288,0.3892158271462623,-0.39176272874744156,0.19911349866474698,-0.011445022138227021,0.09312590743835715
7.453349057316177,-2.225572750158485,1.4300202782282307,-1.2851568983425166,-0.26837249223921755,0.7958995590488757,-0.2519082034754552,-0.5238885371951312,1.2698356422837653,0.2604896396186768,-0.43196794816003287,0.7194363035654003,-1.1114202925043641,0.22209341183609305,-0.535919035188967,-0.022848399857348666
-2.144278753139606,-1.1192120415256783,-0.4819143248465143,-1.4382212000789527,0.05886591382393528,-0.14727925595123892,-0.7053171616937574,-0.09833840973583445,0.1263682766250211,-0.034804084539743534,-0.3771971686152157,-0.12285118607270906,-0.04006459423375994,0.13205011930708535,-0.21560843645577193,-0.054186835924572234
3.871194517844866,-1.9265104291126942,-1.5420684083142833,-0.1806382556870643,0.32882600941544715,-0.06427366698887724,-1.118763676734961,-0.020855241368410105,-0.3220050029803096,0.08997651664999513,0.5413643505624116,-0.05326950007982161,0.5657277713214575,-0.12033315542795843,0.40136281286680964,-0.2568536793498879
1.6539597934030235,2.2676249669138193,-3.042152813773472,0.7725133731430206,0.7673864178119921,-0.343059659729886,-0.31378354161904626,-0.34737540826631635,0.49081430211889665,-0.23202690098187131,0.14956759897240934,-0.20244877749157683,0.5892865022503607,-0.23802326073384383,-0.4805309312572366,0.007647191019978912
0.6785458455159857,-2.755230246479531,0.5955672213425467,-0.7977242319849529,0.7019703938326491,1.538055902886103,-0.15732008214502222,0.06998127202864521,0.8467059960395051,0.3261812548135661,-0.1450583906380301,-0.12012349238571728,0.1830106855266043,0.25123061910241523,-0.3176570025131952,0.07206699500051111
-2.213426637553256,1.3087561793283569,-1.0750216689333418,-0.4548150931648259,-0.21947983277672806,-0.02798339046814993,0.18994109840168527,-0.8245666249424417,-0.09111657350032394,-0.3505448054016328,0.23365254530000734,0.5881294296753733,0.07531017334257048,0.3654918137080105,0.11028252218028019,0.3344288592902477
-0.7273752865595247,3.6212806455611464,0.07030240839922718,-2.124638321243667,0.5899540859155118,-0.5591719508399944,1.5448275253010557,0.8171873432549145,-0.2806079398834485,1.031343568135286,-0.9163808615234835,0.3807545758801374,0.6260114750386977,0.6351588025370996,0.1648169746905809,0.3213569965385393
-2.8818439212447253,-0.19166588589730849,-0.46993341397656463,0.314009590419271,0.4240367578326298,0.3956774224498472,-0.7536453964731179,0.10779698136968437,0.5080781181683953,-0.11266122486975447,0.5911545147953945,-0.619314099395468,0.10992363095831273,-0.01610166482551081,0.14353262481808748,-0.4498080081299643
-0.7833426349891599,2.02742138769528,-0.1487998348374095,-3.1449063672927418,2.691920325720985,-1.0798322595470093,-0.31283498304002044,-0.11043427862911769,-0.05389114867983759,1.8682006228424426,0.3865317457880182,-0.10888927094382059,-0.014779102972524532,1.20022591771752,-0.464121640746493,0.06792187839679491
-3.1159168069505925,-1.4185031648089514,-1.2037088136902554,-0.36186196154002853,-0.9865663113421996,0.44903747983134823,0.007060603882469471,0.27423578703199264,0.30332885466592874,0.18784900673026492,0.21773448584099392,0.016863654221272822,0.03179920449335807,0.07297773491616295,0.1413286013551878,-0.06402925431051537
-2.5281424701927904,-1.7558087453364413,0.9513538623270439,0.5863376518195168,0.2815048444842156,0.1759916770747054,0.25910290579552664,-0.20461132127045648,-0.5619284378047742,-0.09520702212690044,0.268580044941129,0.13323569300603783,0.279112717148858,0.02323442710919046,0.041165384243800715,0.035503070055548175
-2.809181445578089,-1.611276135940786,0.18915237316400355,2.143109466681027,-0.08872647177413698,-0.35439955704011167,-0.48792729872083773,-0.23835447555923156,0.3658588274920598,0.2929988140984795,-0.2767373416392151,0.24022651192906588,0.06721067356725495,0.27705815258009875,0.03808757770942572,-0.1107716956377915
0.38574670881204287,1.0199515724204828,2.495105055732704,-0.22652370925036644,-1.343471585706761,1.4550361876691684,0.7726199536853555,0.30362267273033205,-0.9635891185714159,0.16016619582922503,0.571145348105169,0.4535913098549277,0.7055529471289601,0.025347549596210148,-0.10914075136462702,-0.007104249702980871
11.825597853876744,4.540574796272285,2.033378168683664,-0.6850826094336403,4.053362331105166,3.8242045936364724,-1.185545005847467,0.6928905915148572,-1.6488115140156632,0.016305960555236792,-1.2442134226989667,0.977118325901188,-1.2780784868608919,-0.49257547624311226,0.7560350715699504,-0.1738643312014223
-2.0199306945717304,2.51452288401114,-0.993001957008397,0.09138826931524065,-1.3070000522789234,0.8067617474707677,0.528519430133331,-0.36422090263428686,0.6652247831740306,0.061794609265077564,0.30687468856822037,-0.32122945356019345,-1.084872682552556,-0.18563691685584424,0.17933318246818458,0.038482998649365205
-2.260414706594876,0.09177072067582273,-0.5426656231591923,-0.24044928039003347,0.777745534411544,1.6337132553036648,-0.5876261159733637,-0.061540483034523606,0.15805465454544484,-0.08929239637662395,0.5856893708509763,0.24871688295463057,0.016641275185522397,0.7513519712180106,0.1652078611891894,0.04918041574717015
-2.0298464490939927,1.2738947917916206,0.6727545712357579,0.9064075322880517,0.04130565705973396,1.8431444739365201,0.23190341244996013,-0.8743714833255987,-0.004945535683005064,0.4005885015059112,-0.6859476789229856,0.3575566153522259,0.2135603809904035,0.4036584324922493,0.011251404587195854,0.07523781350322159
-2.0064308713768373,-0.4021097306283027,-0.09159032521279059,1.7594836836413743,0.07989709928864701,-0.610684903827494,-0.46645131329574374,0.13256347666254065,0.3620698047351132,-0.27423992982640377,0.035081788152126515,0.29542086665415385,0.3168792801750762,-0.254473930358006,0.11743832458703674,-0.15258814445912908
-1.6953473583144967,2.553591032957713,1.690601989418215,-0.5709734953549843,3.6915005500010443,0.30932070744260154,0.9119763068206317,-0.3709178448826666,1.3411663926740212,0.6232155362491831,-0.20790733481072673,-1.0679101608546129,-0.32626063101857494,0.10255040048113065,-0.1679131719771958,0.31320824168563755
-2.272291275497799,0.6556920986222382,-0.9810931705377588,1.3460342351281736,0.04928642935954238,-1.3558525370946708,-0.07405833269103067,0.9103918095107956,0.6885695801400338,-0.8417436636953918,-0.10181327714864559,0.24485395449503142,-0.3088801110596596,-0.34769186684890485,0.2771662372841859,-0.45900462590530583
-0.7405955318433773,-1.159854712525003,2.0553696519938436,3.3592897391470036,-1.5907215717999967,-0.9792812523975566,0.1353518745613021,-0.6413209198748807,-0.8974707800347995,0.06723510378975246,0.21084909428939172,0.14999117800552136,-0.5413900324156519,-0.15710570148451009,0.18431967282096823,-0.2523097928972146
4.726607155039586,-0.23834281775208763,4.1123805395501405,0.12197633804509639,0.20996064610259377,-0.6583280072815599,-2.0898657616687446,-0.9134154691713614,-0.7481952489394876,0.23326384205027037,0.7977623302583657,-0.8743820203175408,1.0153253834444467,-0.6232615084978043,-0.046215193843642734,0.6995205246385323
1.2555967529769736,2.07931340621891,-1.6807777984118015,0.3268169127748955,-0.29063404618757693,0.5217316993683692,-0.059807347419022334,-0.371801325800634,-0.19512380780041996,0.13733870411813426,0.506579009913487,-0.5143248694778765,0.34949644922058454,-0.11554901627288947,0.24031278347514412,0.17886081306169876
-2.447024673584842,-1.9110404033853454,-0.997718527824858,-1.9723406916955062,-1.0732942685205715,0.5758212356393542,-0.4845118098546843,0.39566283143554837,-0.16195634400853165,0.4778544360051532,0.30353241028392497,-0.2590928314661348,-0.057075429716752904,0.03093237482124586,0.15032801809995164,0.17448505251273744
5.0614241127010695,-1.4748008978099691,-0.9098143314666167,1.615237629665443,0.5007959145968465,-1.1362001716810206,-0.17594100505347968,0.5209664110592841,0.814078202987985,0.11522342737703961,-0.021910053127513634,0.3260710657753755,-0.0497243711200264,-0.06287909471947754,0.058865941810610146,-0.18234881972614192
7.350672678178382,-0.14799609857672283,-2.518698385156587,0.4042040084046018,2.336070855792399,2.0979861279748886,-0.8288589985025073,-0.006781320133673591,0.22858410870108276,1.0822946354261544,0.6475364177539152,0.5483304375735302,0.7437141479738956,-0.6875210560064338,0.2389446546306252,-0.4375918470883675
-2.873896169509724,-0.9559673452695254,-0.4354298157319784,1.7189314970807277,-0.2617352186884144,0.4412671934159166,0.44225873880580896,0.37177324034140025,0.342790784656628,-0.2595330872493793,-0.09370388315147536,0.2670556146882459,0.269864427143675,-0.1279406375199057,0.20639132309817954,-0.19891563933936174
2.7380615249703455,-0.03033154740233334,-1.2369991252581662,0.06562499158397196,-0.29646081157902715,0.7145516258280653,0.6735566120621651,0.747907048527228,-0.18608245607702953,-0.7597589008832425,0.46047448903226496,-0.7482099083273128,0.5368135861334989,0.295966241138627,-0.1271518606131831,0.11828026675029751
-2.4736583435838284,0.22141421730167407,-1.0530023824444916,-2.110297481475133,0.772646230115467,-0.2442301795946657,-0.9956400723547367,-0.32617409499022426,0.33130345491994134,0.2385071028838427,-0.054869363469924146,-0.4001310040348591,0.19728147411838579,0.15737288575223732,-0.08801533404419122,0.013629108220363197
-3.8213008097826697,0.8867873097114567,0.6128209960283508,-0.7378063634380821,2.2544607720000656,-1.0019937211048495,0.4316598383334677,1.5804197313687827,0.6912780931078017,-0.4819790926244446,0.6337806633551205,-0.07074303387282839,-0.3802696759444851,0.1865538230918605,-0.19044349766463217,-0.33314209116030485
-3.0727209457172204,-2.1445517474004663,0.33182342534170656,2.6991767121420964,-0.8430979026688274,0.3898650788957186,0.05653399557112752,0.5709000901468736,0.18477899522154834,0.2970636443234039,-0.6799219587705384,0.2223525506598724,0.10941522635453366,-0.1758243746106495,0.3642358565576694,-0.09238334975398789
-2.5384901293690265,-0.7075985426400928,-1.5666773676648407,0.15153263823015373,-0.7105568104602847,0.3442963482898834,-0.08498846610943621,-0.06297508025463233,-0.290363387158878,-0.49638988902142395,-0.22506393890199602,0.044396677122657914,0.12561953082707097,-0.09040144156498331,0.2388482021336884,-0.2310520126335906
-3.079674392049213,-1.7982320617446361,-0.6782943854651485,-0.2516007246234939,-0.524707388516435,-0.07322120027139256,0.3403927247239322,-0.16770402190396097,-0.07378548518437592,0.3754300895745103,0.052969067738072625,0.21351016520292523,-0.023986871254589377,0.2548434267917684,0.316341344394614,0.26826909093718904
-4.605043452263257,1.5604069217232035,-0.22962062688066945,-0.21370388220114248,0.6271361617293485,0.5295467354333996,-0.049197457094172455,0.5724746978977829,0.441737200336221,-0.2091110844597699,-0.2546062593496873,-0.0038500033326854333,-0.5183153271127932,-0.21648730043275724,0.28795499680893233,-0.4254660652735901
-2.705185188314223,-2.794449536334491,0.6183584023069079,-0.9141861694015088,-1.3115681441844333,-0.15221060956408491,0.19069549643631412,-0.5427174058463248,-0.06380458864222453,-0.8088051291657818,0.29746594113789737,-0.624993003527216,-0.1274509449384136,-0.4454401365741457,-0.13909588162485567,-0.3217596604642283
-2.178660952524917,-0.7671424128131614,2.000082413393235,-0.39475088857737517,0.704364837978628,-0.8810526795549002,0.9081895980952605,-2.048722299300571,-0.22023399053221931,-0.7287647523749341,-0.33868009773235525,-0.4458738311070383,0.14835633473329823,-0.2827277772375889,-0.31017823470365785,0.15212464100961817
1.796052891798287,-0.29482006682475265,-1.6941007628971012,-0.8228473538549945,-1.1438861343073754,-0.2134033781349543,-0.5323659885143237,0.1587547379165547,-0.381659135421381,-0.3662102917057299,0.4313880960552085,-0.7563830059200299,-0.011338353890292223,-0.030442445245701034,-0.16843854927073493,-0.08767287882323929
7.8736591577916775,-5.640448836186155,2.2817418581406366,-2.6534071022618693,0.3994467584332481,-0.19607967281931807,1.5576462455153854,0.8431197386624427,0.5561333187014862,-1.6807465261169034,-0.7512509780728007,-0.24413353778936314,0.19781305606976246,-0.21561177560698866,0.20756473468287875,0.463647547865725
-2.108076558354255,1.837086676162382,-1.5014467584649627,-0.786043388497568,0.3399138386178684,0.011576646875435795,-0.25482479062510455,0.0348717211467878,-0.1600660998157181,-0.24861564997087987,-0.2827176202442919,0.2596735129929825,0.11047243758316223,-0.4175747820076982,0.21860084643491148,0.09723964758922819
-4.581084728342707,-1.0090294055505609,-0.4631296114334233,-1.2328613754903246,-0.40373977753265355,0.23501648592208474,0.7772480218720902,0.5068035390742843,0.3038559723109335,-0.6202207244303758,0.350154106573386,0.06968079775971986,-0.04468102601750942,-0.42329032659652316,-0.19775051301797614,-0.4903281958707294
-2.9856419113294637,0.45593200575469267,1.261317334888258,0.45041506910137163,1.3294166292268004,1.863851813699655,-0.49540367690021136,-0.4339322626729559,-0.25553582672487885,-0.026497139403632654,0.46062396773192243,0.01589164748226727,0.3018442109699407,-0.2801467926897169,-0.18684171890064152,-0.024141177969956577
-3.479764527832109,-1.1770323511217622,4.169463615232418,3.9039750985971757,1.786631691998066,1.0589398224175144,1.0957600037268025,-0.6536529746141847,-0.967313078789736,0.11625367349990237,1.170787965385464,0.6129507041225791,-0.3724234429951329,-0.19034973386416568,-0.23170408807721735,0.14254200821960228
2.993299843736265,0.6480737600268682,-3.213130101094876,0.4897064258654513,-0.39147154397509415,0.9950611902874177,0.640663151886979,0.4556368181514266,-0.24787479313259145,0.03043829342242065,0.6897856632418684,-0.02928343670789618,0.3785835137888313,-0.11849948307057966,-0.22581874057125603,0.39949084487953107
7.158780268221392,0.2843087520179843,-0.9852183635800772,-0.5401845783021447,-1.5760609270632635,-1.9870729250183512,0.6573938344601735,0.9971631312035288,0.13718658027898953,-0.5556628094291314,0.5303391007288882,0.10042014384722416,-0.05244400679566205,-0.10541946513993787,-0.6445364957646442,0.5319219479650398
3.7285210112042195,-3.872573318477426,-0.9337146841237326,-1.3287083073024506,-0.12579809043583767,-1.2159218196519224,-0.5267763279806136,0.6541175067666353,-0.033771900900844615,-0.4070602477121634,0.45303555257258143,0.17741134911847156,0.13506135265081368,-0.060438088170834105,0.16233573795617054,-0.2959559045025201
-2.9150386452849033,-0.5564683933191223,0.14338431386314862,-0.6511791881610223,0.7521595623248974,0.5587007586179562,-0.10945425288696968,-0.31363838622986945,0.49293471238859066,-0.09521737721424639,-0.8729379451249489,-0.21913257088926538,-0.30890361567932106,0.06306215059587787,-0.16566341995532533,-0.006240745498220006
-4.282498016810499,-0.18324971540265045,-0.002276607055680882,-1.024413795223588,1.5345712840055676,0.4049532898546895,-0.13197205122893632,-0.006578885838178456,0.16088589219423602,0.29005588690649364,0.6449810542174126,0.00010041022146001895,-0.3400992983009887,0.553248434184818,0.029098392034329807,0.11469179326208037
1.0244529549365349,0.9158830922780791,-2.145068185158944,0.6996868897442738,0.3999820127159105,0.2959570239341629,0.5154789751518494,-0.18338252798309485,0.3041041052590687,0.029950892776804326,-0.30353202548046543,-0.046265587076799175,0.19531317801457979,-0.18000123737259327,0.12647347546696758,-0.16329667185317762
-1.795377439577263,0.4270323008205758,-1.5435456801609446,-0.8557177838678047,-0.06097926896388245,-1.7494461657964069,0.04145340821182498,-0.7570193341751091,-0.6726082902316832,-0.4436731304081099,-0.06453223432745907,0.12501627618401945,0.655130982063651,0.47642315681194064,0.19337854061727353,0.09032868197017627
1.079257483884745,2.4630034295758603,-1.9984088688791188,-0.22324628245557043,-0.3059442984026565,0.012665322855344436,-0.38059775628593245,-0.11232104481506121,-0.6126441147317958,-0.16397710309165237,0.19633182733067447,-0.3318926126919573,0.1217901931558002,-0.008723286428413189,-0.12071758734173364,-0.17162415815116955
-0.6120133089471049,-3.001270537491896,1.9182267926248038,0.3373461801318207,-0.7384427243480733,1.3703887611390577,0.013696701500144124,-1.0442330201940695,-0.31810795216831844,0.10405988991074516,1.1652828420915153,-0.6690215104540025,-0.181437621428543,0.3685687980567429,0.4038656621456786,0.29025696163365294
5.498339503201625,-0.2247114002115198,-1.6713083103523658,-1.2786790316595262,0.08963628031477866,0.05438796576268738,-0.8276722102872714,0.539127731242481,-0.14273038766219906,-0.9708658742690953,0.0709092883120857,0.014890198787599248,-0.17358770979944432,0.3267744370159453,-0.34088493867101477,-0.13838988050309992
-2.671002933504731,0.5853158195931037,1.4354812414471918,-1.5916513296053094,-2.010012895611807,-1.057072955046084,-0.27920240654542006,0.012482416516870053,-0.8412282005921335,-1.0602808216401391,-0.7095493151405052,0.23530596377180538,-0.06566113939302144,0.0924285834974265,0.028770977846113516,0.015369718617837334
3.5684454733425266,5.759796860145574,-4.667800570880903,2.259347953419766,0.07858291311915577,-0.9051571638504711,0.24848912938013135,-0.01455528072662222,-0.20006790193596316,-1.23101106404076,0.26021583947533045,-1.2427562096701001,-0.35516941113987366,0.14113601191240172,0.05378433914479258,-0.1706766170701603
-1.4131486678272946,5.452353712321439,1.444623360908079,1.9956105809464864,-0.8044279861349751,-1.2005105626749801,-0.10716602068607299,1.2762345203613081,1.6029484428705645,0.4434234049607913,-0.025764495061921106,-0.5254212082225065,-1.0155203531074926,0.24466251059949387,0.9646579744213711,-0.23711397194984363
-3.1569980171119347,-0.9728205565589679,-1.3247911586501493,0.7384705191939989,-0.8012007429604727,0.5665632026377853,-0.07458770392687393,-0.3456724057633875,-0.023518800717085855,-0.05283092934566851,-0.0709070567160005,0.07801732930442606,-0.030100705797713404,-0.11970091608627359,0.38979274981043366,-0.2839952380586536
-3.3254424982426825,-2.0540502455625718,-0.046011571868353265,-1.6175377244317257,-0.8389357830392349,-0.8229716987090456,0.7649533014743559,0.34021842723885537,-0.12729727108983427,0.2946360915726168,-0.5275735871542129,0.14066558924871964,-0.3511311606954536,0.3007430352747219,0.004086647085349058,0.29363165664743074
4.528140911088227,-4.094084977504884,0.25909152565419113,0.10416348275334511,-0.45677732722197484,-1.4657183016808102,-0.28111528212719944,-0.35874798212674913,-0.5442290994135331,-0.08761208392079112,0.4977559496927751,0.07381568813247827,0.25426785869436863,-0.3613287944567139,0.0660490134063897,-0.1587511668631563
-3.9261553706576438,-1.2586578050829889,0.4103281033017552,-1.0623732810677722,-0.11236325231386778,1.0174498383749264,0.40065369978404247,0.5311878182208598,0.6118500650421699,0.05573320993157467,-0.3207442786426932,-0.03206482585621341,-0.2533169883142044,-0.4355222698282783,-0.36088785251634103,-0.12667876008341517
-3.843318411970179,-2.4304568932184223,0.16386883321618462,-1.663553242073282,-0.5382218950170752,0.018554465677280724,0.9060138962017886,-0.33194357568174093,-0.024579228315647846,-0.28328603416655224,-0.027751944393976435,0.20815698578350333,-0.1180031740826459,0.13200297174247771,-0.3204754969209654,0.05445003352022967
-4.26671451049431,-1.857157567855518,-0.45125236317975354,-1.7139302099010931,-1.909873213013388,0.5360389535484696,0.07233885433941653,0.6312054641773606,-0.27678100975158965,-0.2568576276069338,0.18400296769399863,0.16708128343016934,-0.3757394008269535,-0.38644602633111763,-0.10017397462005882,-0.11942481702172598
4.253776698264562,0.6552755510926397,-0.7088657353073212,0.20653955911110103,0.6980472633966865,-1.160725412538562,0.1339634506813672,-0.6956160150456353,0.24494705127975716,-0.7162055452560041,-0.09316547122579631,0.03158877778831326,0.0032571544753834006,-0.1883527989093523,-0.1976138392359521,-0.11133927575273535
4.764761889625561,2.8565787857142535,-1.3920656573450265,0.7655751309331534,-2.882072800316114,-0.32511732475154215,-0.8274404665185644,-0.2613449376708802,-0.5376599752240179,0.23528586527715295,-0.2652042972654313,-1.4091985769580189,-1.3251843313480267,-0.22205790121459945,-0.5007322738887339,-0.04555194466764348
-0.20768854622683597,6.9250957154694275,0.1348667191578634,1.940941891177544,-0.832980048174706,-0.5805157874324125,1.4033691538249784,0.6013743093019575,0.9633047640742054,0.5394495984522091,1.556468577380036,0.26328961572782666,-0.21149187989590482,-0.34472705012622534,-0.21468226970885024,0.13241078276558074
-3.9737281607903308,-0.12880141048140004,-1.7687677828019146,-2.210905397702607,-0.2840642445396179,1.6430463655090424,0.23467277278350662,0.13068355266006343,0.09642281471781924,0.10251246931283253,0.20076291976510677,0.0886177532015305,-0.1252123903340838,0.06134472652828618,0.23961387776175752,0.027455189549356863
-2.5038911889685482,2.621375536719702,1.2503885831543773,-0.6751469538676136,1.3719960499673445,-1.335989202763773,0.21060868573388164,1.0901259982852787,-0.3685875446290179,-0.6302316938002082,-0.457100425194438,0.1824794156269499,-0.39605767828554544,-0.17378933733124102,0.026807218660548842,0.022576532088367254
0.4406363561515403,-3.5250724297225435,-1.9683498384185076,-0.0688065441369868,-0.9448283499218515,0.5563924129548912,-0.6329972522037428,0.3509458140878165,-0.08551247777458326,0.3227436187071746,0.39451665898980104,0.4052054936701771,0.2895841406220753,-0.10004021350874032,0.2437225720663105,-0.12047561421964915
-3.9087748476817166,1.2048602673215834,1.4969148035954196,0.8624400504214685,0.7072676650409815,-2.2326233020020534,1.3127000073043267,0.0018051749707096523,-0.5753620257439911,-0.1386046570074617,0.12297724301559705,0.5369463030340749,0.18796522137124475,-0.18028841865776854,-0.24710670725194636,0.1606574626376292
-2.6531543516775007,2.5322886305991386,2.439009728471567,1.7334635895154105,3.1883682931419672,-0.9732516663038165,0.019622813462148652,-0.05137771201803212,0.1438264521004053,-0.13999686732549732,1.0479905329523167,-0.26844207886755767,0.08150989160423058,-0.008885424369646329,-0.17181085633156837,0.10263789982933448
1.2476791084278467,0.8565496288919139,-1.2593214647631534,1.196103745464934,-0.5530384644903011,0.5466663574586189,-0.4286174915594151,0.22042811243513522,0.2549673914787991,-0.368187831124274,0.12721336271879843,0.0362386053162346,-0.08428035219580239,0.1411321650907211,-0.415803400689001,0.11310079929479536
3.1081202282853035,3.997049816971979,5.953533777703854,-2.096036627263633,-3.190980629872848,0.6337274643295576,1.795455070729136,0.7800130396247397,-0.4603003946887723,0.7915605542925602,-0.7231072623148235,0.749697489682848,2.2348571678463114,1.458120913449984,-0.7841314373765974,-1.7150877710418755
2.2370134651800107,1.8388535053416128,-2.1077825216807478,0.789257391857581,0.3121257315077763,-0.10745245698307133,0.30723967446954464,-0.8803031702729746,0.43377746908021425,0.13883202187079297,-0.4485705076262864,-0.12400773064669092,0.09188762278128851,-0.7556375239535472,-0.12264249339579034,-0.09820048452148723
-0.3590635151367442,-1.3967167405502117,0.3754030113664367,1.781592330533798,-0.10424163534064233,-0.44056673380958583,-0.09379156815551937,-0.4523759342686117,0.435515175187528,-0.31150836015674793,-0.6354596479707662,0.14290247938014866,-0.2123686791581224,0.0030624528769187917,-0.21446675563301698,-0.2269078546228668
6.469481793694876,-1.4960980628239393,3.25539534406049,0.2866838978364232,1.0756048836719898,0.6531264472622887,-0.5229714928227354,0.2718481832054783,-0.5571251123436658,-0.5146759213754034,-0.9304631898148549,-0.4467836831990498,0.39823186714490827,-0.38930888190943236,-0.01792074269009587,-0.0695720841882411
-3.415779565006272,-0.42331757953264604,-0.29211241200822236,-0.6079485803510856,-0.009516720379212713,0.6451615841208115,-0.10594620504973597,0.33926936115533685,0.8121722676310879,0.5927209242928961,-0.28528710699751375,-0.0850385909643023,-0.12839042859648978,-0.42108540104224923,-0.05554627480357212,0.13966745067654152
-3.9380424819713644,-1.2510620098046177,3.12227246160449,-0.7155811722169911,0.15072875195705104,0.806464155920333,-0.06736010551471114,-0.17617121318635345,-1.3525729048604782,-0.5101414723652823,0.4461178295118806,0.07930935192539587,-0.2206779581553291,-0.634276140545527,-0.6277670261950679,0.22639589497565518
-0.45788245634949676,2.081355939811109,-1.001396607765094,-0.18225159811750088,-1.0117121340855022,-0.495209768838997,0.7643355453383278,0.23807047180673702,-0.0530968189250619,0.012510500817321813,-0.06672504032022518,0.11412766879678109,0.3710383143277469,0.6554161117893722,-0.2933233323218987,0.4296412977344629
-2.277588945053743,-0.6969455285465979,0.40764243931933036,-0.2721148805360788,-2.849722438981773,-0.14830012594587455,-0.2852162163285038,0.16358037453897664,-0.393124257864519,-0.16772819149759136,0.7498143190720993,-0.20243402642600977,-0.6051175320963647,-0.10262579846102383,-0.007535504224071537,-0.23063598401731047
4.155603316340064,-1.9862337172625684,1.0887012520555062,-3.2246649529436353,0.07250667669593343,-1.6618430123192867,-0.5722525221149903,0.5267525310735119,0.3232802580952071,0.467412175880424,0.4923773154584611,0.0933019164896286,-0.3857948294983841,-0.35741151884913236,-0.3202997303187281,0.13213938495201882
-3.007054987695863,-0.13426018933714673,0.5512281672046354,-0.431651661809364,-0.8227249427368216,-0.42095418166615933,0.6702135953811806,0.15565430297306618,-0.4236959031330505,-0.42211916636449587,-0.5881994746726845,0.007410338284868031,-0.408712477022855,0.1619838441256381,-0.008084170787171798,-0.09494989793776155
-2.978929470426292,-2.1612485548203773,-0.3553080534975666,-0.3327135605476384,-1.6225564281295326,0.6061499625744801,0.38685948682089727,-0.1106381393202702,-0.25929438354549866,-0.00951037637063687,-0.1548663188143925,0.13524199636680848,-0.291034381298526,0.25246719511525445,-0.01415999390294352,0.12706219556816076
-4.446768302202886,-2.614263512423406,0.9342046510317161,-0.7009588397306286,-0.1461098072436933,0.7657364683068073,0.2503269621582489,0.27988705151020554,0.11169667834155436,-0.07732095645851307,-0.18714748764522898,0.01781336423730057,-0.6601230681584831,0.06868476012887476,-0.37638758415843887,-0.06621053935909609
-1.6450167711915578,0.29538696916998797,-1.6343353279338484,-0.7549851352163196,-1.2989877528913647,1.0372600651488284,0.09528450502416173,0.9268729531118014,0.16111010532432127,0.10606216689180642,0.6377052743345855,-0.1782954396468246,0.5534452923070295,0.1825642541648943,-0.2164147876715166,0.021109484968663793
-3.684240566509038,-1.2646569605716478,1.2587062510943676,4.217419218726333,0.24419197418941962,1.4567494657538929,0.3538927640176038,-0.29461465435806744,0.9201064437807774,1.0181697896315154,-0.9190214726764531,0.26452516997378767,0.026224154364760985,-0.07024246707612264,-0.13891918529611733,-0.037510212033423175
-3.3387726985097825,-0.5153562411250977,-0.12050904002907757,0.5787359329399938,0.20810130516233766,0.05660766201501639,0.37982779114487825,0.6158107803269403,0.09025362803037638,-0.19871129204801918,0.08723318569128725,0.19345816958856293,0.2881325173020511,-0.2183025867294998,0.19191459343236483,-0.13148163424758366
9.255414774088049,1.7835170042402912,2.8496043720902398,0.13488652526240882,-0.12204048681293433,3.8278406882354723,0.348542487883266,1.5226779304390423,-0.5028951680642444,-1.5854597615126855,-0.4763443424101195,-1.2493130651375783,-0.08611985731308237,0.8265231921697247,0.04495262439169643,-0.018509463635135306
-0.8437165600623605,-2.061100173860735,2.006009413070529,2.3527802868469188,1.2037756983726202,1.5965769783040078,-0.7790074488418615,0.5749502423660904,0.6310648883937483,0.07664141641669327,-0.5493352472542911,0.44754358521042503,0.022205714066820387,0.18751519919578447,-0.1476537058394627,0.1618863681913583
-4.001861308921913,0.18839181270386643,3.6862381063319427,2.8777858203887425,2.224887277752508,0.26511622706735266,1.1278733130946044,0.11184903921465233,-0.0844098559880834,-0.07979185754584149,0.473943578343882,-0.08696357208079682,-1.0105256395347186,-0.16743182969528755,-0.548960455097641,-0.24353014762938777
5.296373446207623,-2.9694719511857737,1.3098803627821003,-0.7600337020560604,0.8688283287058783,0.19274968428027286,0.8192684078493941,0.16056491696697256,1.0959702350656315,-0.1354598745481703,0.20447145460695318,-0.6931863253518996,0.26033999725967394,0.2783466129005325,-0.07894839371958186,0.20606915230908274
-0.7506699554408708,1.6172519767719156,1.2915237390123417,0.46867700479992513,-2.07899825184556,-0.13642531388349308,0.8558966860589631,0.07253575465956494,-0.3237817671401591,0.020106984336310942,-0.37674286496806003,-0.5453572705851242,0.6040148253076079,-0.15381986974456527,-0.05018051503534313,-0.14181400166649707
-3.069242258923989,1.197258118325687,0.3168270329667825,0.7137844817809205,1.3553334460119748,-0.2081669287305994,-0.08837917086262212,-0.9688885221192316,-0.09188931698042115,-0.29014934486038074,0.5820914185283318,-0.14713342763244835,0.12585044690165337,0.17461857600451908,0.15127182334839598,-0.16668651872612292
-0.4726301759478791,-0.9777171976673197,-0.0452246834006689,0.37108912988787346,-1.4469339224078082,0.11627965793489708,0.21017559742722894,-0.10232997401235305,-0.5952759414198667,-0.5141867567580417,-0.6888497266140587,-0.6273771803638437,0.1438861226468929,0.230124976261425,0.23579322680599907,0.11814680090486167
-0.4017976657098782,-0.3450604864128064,-1.224237983302495,-1.2104005704776584,-0.8284922210165877,-0.41060841825230193,-0.8447200826820881,-0.46419014236081124,-0.3588388126399822,-0.06389912280484653,-0.1828292345474242,-0.4782460136230241,0.17758856608833468,-0.08370426113472523,-0.013541450722288502,0.02898754360427606
2.9207352601179215,3.812187650939597,-2.740213875720639,0.9153402049949027,0.6661169831151248,1.2004496824763808,1.712306748479224,-0.04579968706116935,0.9312083470385895,-0.7220573017236613,0.45210401207107026,0.03648426295452736,0.046314439427543964,-0.3273955478300783,-0.11161276744922514,0.6246034886069445
6.381627457312257,-2.108406343090363,-1.3160327183978953,-0.8188069697548483,0.5266776745591385,0.09329146780047583,0.14350583437109252,-0.7157975638043499,0.05436788144248611,-0.0694909652964169,0.6869320092311012,0.7341654103390814,-0.28952153151808,-0.13935510407443089,-0.3365776299997789,-0.17449740381921788
0.5217671161601013,0.4004349977533786,-1.1891728314519272,-0.8345426516328684,0.4712881702495395,-0.2284167727709517,-0.5293966214287337,-0.3039169540072472,-0.05658329036340563,-0.28907087573370954,-0.47992859202427834,-0.29319161778432057,-0.009275984422138088,0.6145276986084993,-0.07458900707082607,-0.058183751947193475
3.1348734370079545,1.4771266108131968,-2.6453657788519847,0.029615788761551673,1.0394826381772353,-0.8985978421215663,-0.11471739149389905,-0.45410957082369063,0.2587010809631782,-0.052090464011007614,0.35587784600075884,-0.29565519630852916,0.2617974178965117,0.0405878693727321,-0.017956239890363195,-0.4698543104492899
1.3635316999422928,-1.7469115957888262,-1.6255153802386917,-0.4671817332666221,-0.17328461923672084,-0.1792349329776337,-1.0385115961300677,-0.36831718927875223,-0.21498264993816835,0.28972215406456325,0.4041892981009533,0.09703666058055142,0.6198779876491282,-0.15681325418552636,-0.215861742735136,-0.21179382963657645
-1.3096337707344883,4.98138688493192,-0.5754770633247004,-1.6951696627352133,3.9905943979559444,-1.0848035385099088,-0.7370948311728819,0.6298124637119208,0.008242600056060416,-0.170210174109153,-0.9007219475276478,-0.005185376799949582,0.4586561798125894,0.28256789253464726,0.5230097251753419,0.6257651314954059
2.824383773334108,-0.39551057664785094,-1.5703624323603762,0.7059502713642531,0.8153927429454675,1.7565883948439458,-1.0588676507748882,1.0797606334903216,0.35633912549836205,-0.9600453052595674,0.26359440696758424,0.3164882283756516,0.4118911775930165,0.04619788476627966,-0.0342349569780203,-0.3841767281733456
3.3813707078525153,3.7410359290526842,2.370395414673204,-0.5980061815845958,-4.977980718272878,0.7492723113079319,0.2891013702917027,-0.5658691405029742,-0.9021913013709864,0.6424827529138716,0.040628289154485436,0.8904947254998191,-1.0019793390799114,-0.7027781879187341,0.14651290782095486,-0.626687693621605
-1.1000446046839742,-1.2694740378698244,-1.0932371518261403,-1.6498064961120327,-0.628169951764323,0.576071854814331,0.058521210301754216,0.6213157943440721,-0.17332246914351573,-0.56079086050734,-0.3593702605513475,0.245453122657828,0.4695990674010361,-0.4116185015544378,-0.14820110553453322,0.1089051405531514
4.687367894482143,-1.5543262427165772,-0.6622078513248342,1.193698150739826,-0.25704018842199444,0.5828989832844859,-0.6885168313899112,-0.4908992661470132,-0.029094257848667975,1.6024380109740881,0.49815016917247407,0.5282032413733636,-0.8401437986159809,0.2591765945618216,-0.06417904923476794,-0.1929952088564562
-3.1265245707597296,-1.7616388626163089,0.1301255581735837,-0.037626948629228725,-0.22780148685219453,-0.38420379506082847,0.2819909364246915,-0.18334243327722236,-0.6460174444277702,-0.11137428857955528,0.3953416743684759,0.3454124885198762,0.2826367808484364,-0.13494614775815447,0.23874740989133467,0.01893900006730803
-1.2363378343534643,1.2683374145850113,2.000094337511972,3.0423623622081934,-1.034873827951897,-1.5654553589637965,-0.26845928083291376,-1.2016828757100502,-1.061350353874219,-0.717613684467389,0.8913848650397624,0.19313799651161492,-0.28635006421008763,-0.33945641539440485,0.13302038362141955,-0.2776946467335614
3.2787603646128005,-1.918023016527003,2.773037625597113,-0.7203223152969713,0.6227038260252256,-1.1896255401237248,-0.31616669845219936,0.14530429338081668,0.08968044958428635,-0.5501307481991818,0.46401767063929106,-0.20195838834277655,-0.13001521431401009,-0.256495251503195,-0.3301934439661598,0.1552972796750204
-0.9280452831280296,0.4778371987976506,-1.8257952128170567,-1.6414678923738653,0.10755427736311682,0.18207234273156747,-0.11660348243796126,-0.18101089969069314,-0.09662506377992593,0.4362503301400198,-0.1239893310252674,0.0028770305513066067,-0.28504481357174205,0.5874315748823665,0.08135881033946205,0.0624877396461149
4.310228506666909,-2.958987122067592,1.9789856912700112,-0.8229116311813983,0.9237556426344327,1.6432972207920422,-0.404465326137536,-0.6141778083591771,-0.203841855436824,0.3838272971655557,0.5006304369150373,-0.2276256412526176,-0.03136442363742671,0.18600511020249585,-0.032960493270719406,0.0005323960343258331
-2.460758534217593,0.5217224955091393,-0.8717188760019813,-0.7750692518721689,0.3961533399092591,-0.4102804777228559,-0.31564123559958385,-0.7689310313678573,0.2601468519904785,-0.011180073622823928,0.03474437438835988,-0.19900981594663278,0.07494277116593179,0.11859897726861043,-0.15905851229657972,-0.03129070448629172
3.438176373026148,-4.004547720099086,0.5450919702654642,1.8012570957106673,-1.012859948619862,-0.7797224517848234,-0.01620247635157816,0.44970074964196205,-0.29375011291075653,0.41534037790172346,-0.12878185722095115,0.8691641900024673,0.06748838691851822,-0.11666672538281918,0.008356005174920158,0.34145987615975587
1.914026618661897,-1.5366168296327216,0.03409075796662447,-2.039334663061202,-0.22084056705191873,-0.10290585972474225,0.4288769186974371,-0.07757997246804754,-0.3754412212735331,-0.05625575596140682,-0.1470624559354848,-0.1193855062672348,0.16598570387763242,0.09646286972016821,0.06145382749947635,0.03134765360485388
-2.7991763675810173,-0.8801939978274819,-0.407247264926203,-0.5464181155881432,-0.5812534986677032,1.2010710060068062,-0.518697955263095,-0.0148108901232386,0.34345894559555235,0.14235152120814823,0.3985267663516546,-0.22189765829863667,-0.10661531687200054,-0.10565593086420119,0.009221571372707833,-0.12410811158433092
2.343309920346398,-2.8583693416318234,-0.1742405457908786,0.6119462662061746,0.49015110344940216,-0.43905442319949034,-0.06489634276135466,0.2261836586083616,0.4280610888057489,-0.2456400532364996,0.4365746799904662,0.6020141953738954,0.07814675525509251,0.05082754393212339,0.20175251733537633,-0.09948034453313216
0.2505855747334248,1.9959893202564523,-1.8359810478517766,1.388417841477627,-0.09235665704411068,1.2549420406322835,0.5974634556247952,0.5836692373538557,-0.5790436001860086,0.3718275417951405,-0.5405510973506702,0.40938839225505613,0.21186240290468156,-0.3308700069409763,0.5034608586228642,0.09496081473285674
-3.3221543947049277,0.27459576518887463,0.41038794263201467,0.5428349661004387,1.7492016365604006,0.5056274168490554,-0.9557225263734735,-0.08982194419354719,-0.7352060728659152,-0.5074904462188498,0.6065333262973966,0.7646306976190113,0.2979151449743804,0.3547020411291712,0.04441180316637016,-0.04718240759469025
-3.9081899687462354,1.1880762078437983,1.6107539058664697,0.3224362711054193,1.7411814500305793,-0.939300719647942,-0.2614483402692402,0.18650317955438117,-0.7270450666969887,0.3826856283132931,0.3308182172445182,-0.4933596363761441,-0.6054868724852847,0.34004795680368943,0.1406983024532312,0.24278297067768506
-2.7091383555240776,-2.0365576683566218,-0.2831150348304402,-1.6901035236141844,-0.6171496073082531,-0.03480623496773448,-0.8491644913470526,0.27078866976390975,0.029066599250117786,0.35136168302976184,0.14747339002596546,-0.2653246318553034,0.04090805701783875,0.08001936724970284,-0.06801014746666698,0.17613109788775977
-3.3900321652823777,2.66817731439528,-2.2168364974778063,-0.7888700546505348,0.18746926391050306,-1.1753216396247603,0.6602068474223748,0.07994217253835297,0.3610711123508105,-0.5883373214102703,-0.13025769753588695,0.10954160131804273,0.25947866286177335,-0.27876165935329733,0.13531083041223524,-0.08932901975178548
1.9933491957455147,-2.4014455424930805,-1.5694525571736777,-0.5308693182814642,-0.41345662741984246,-0.43979486741029206,-0.5136814757555037,0.10031766015768903,0.13106860539990547,0.43114631265577213,0.11241397374603203,0.12456862126647127,0.3038483950188312,0.04301512853424622,-0.1415163676044183,0.025838426921186985
-1.6706913303971804,1.6991188569693447,0.5216926752753311,1.6784693942898055,1.629373305659612,-1.4947189351947234,0.30886229910900953,-0.6207691749112507,-0.005445310512246449,0.10108520566637272,0.5434261814623406,0.34687250652204143,0.12178399197003066,0.17101624546223237,0.4833710015357068,0.1766357287654645
0.4294383313804681,-3.15096948260326,0.42121934470732647,1.6286709845018454,-0.15542330151746145,-0.5817130232770565,0.050837837165235926,0.2686508417208016,-0.0755415936103215,0.21264274073288056,0.2923887946900209,0.4893620741100177,0.6800159729057487,0.034706688813160164,0.04442181988431693,0.26034738512326966
2.4482461604948367,2.5485003963692012,0.5525931842326904,1.795887580019338,2.1103814734719974,2.0934187056609157,-1.0010419336763419,1.4567167645822876,-0.04098120761559997,-0.488757654394765,0.3860931806796336,-0.4225370103669195,0.7067836795951195,-0.6558761801637877,-0.16893759125533983,-0.17355365934116868
-1.6564828347351641,0.9227016017943561,-1.3629312468128476,-1.0241945159150063,0.23728326511187492,-0.30213017595298464,-0.7556277952833683,-0.8929454559523333,-0.12667443050159802,0.03538106444762778,-0.8305363962943354,-0.32486859112141797,-0.17011724764476804,0.3215642303959153,0.028411780737968337,-0.12236305576700844
-3.316040171191674,-0.9929676928086644,-0.007481464048343549,-0.9634332403938697,-0.6678743952656514,0.6802042147742329,-0.2961260548508242,0.2535632070712549,-0.15001617193044883,-0.074180123671043,0.02323695556384712,-0.2590819259308237,-0.7418423564788914,0.4721587483473254,-0.04980935155004894,-0.24493527543754035
4.018696882686069,-3.6296391404931714,2.868649076762932,1.8207950908225061,0.7050132209824412,-0.28795780444768726,-0.3338139771178414,-1.0715654186061216,-0.378893145977829,0.06506805091021349,0.26221142595140395,0.20023946046836447,0.277762314278894,-0.01902046272131049,0.058494087460167786,0.20963809207810574
0.21878295890095778,-0.49183598886098534,0.5826727846612295,-0.11254345118639983,-0.3513383032884686,-0.3840911045414738,-1.814586581869238,0.6266968055465673,-0.14654069447950824,0.516945571033575,-0.9147411965990864,-0.19276315125409133,-0.3441197420119852,-0.6491753922504442,0.019426189455476053,-0.005576299115716893
5.6840178848969805,3.2461395662709163,-2.237433451812865,4.179545351982053,-2.137473029795733,1.1339482609510405,-0.29017569603725757,0.02699053890137533,-0.2228269759281493,0.09155264968802056,-0.10380781526563146,-0.039608335744143366,-0.9587516844312782,-0.4335215240652849,-1.0374519299079366,0.6034833215958122
8.807197478261012,-4.370610313456547,0.7847770710852038,0.19475825855825143,0.5850381206677318,-0.6377209969469402,1.040715910900096,0.6251509653489906,1.0514205901257874,-0.07947108380861435,-0.2330322511081758,0.11467042278711322,-0.10433126414786056,-0.5749974588186042,0.6555939845681,0.23303708708469326
1.3640675756420548,0.9996190579403006,-0.3836520066117917,-2.0492361420895606,0.13361559683592877,0.6426887136214393,-0.037001545510128825,-0.6591480169687404,-0.13721006802656868,0.28186447430554895,-0.7127465755343662,-0.4529325315701783,0.26092072945179806,0.8818194778629759,-0.21465005164967493,0.1415913315426484
-2.5137669996224283,-0.4188040653934478,1.8992922498939508,0.18510259796161058,0.16370513275148635,-1.9528876991234658,0.3688958724423684,-1.8785642826215758,-0.9530663435829038,-1.2059399017974262,0.4606740461191049,0.02059006336031846,0.44736667957768533,0.20416134514690892,-0.3123123800466199,0.13671716273966303
1.6882677147075544,2.609521187226497,-0.3633394884270283,3.2680340870242146,0.4037100349881362,-1.0748908659885554,0.5432656848540365,0.24127504834959027,0.4671356108256722,-0.38848114190613664,0.11754102491170582,-0.477889219481851,0.3678791358307137,0.10473605442978465,-0.08082753322087699,0.02151256011683096
-1.2459144789471575,-1.5458186071191378,0.008908713206839414,0.750166919613461,-1.585869251474815,0.13974779920727712,-0.19029791331529042,-0.3495729302362924,-0.551163105023562,-0.4142941540890203,0.44471398156803815,0.1883536964130244,-0.449134707831278,0.04088415390187553,-0.027597996639593447,0.09069928873754692
-3.2797160915933032,0.28239990803882165,-0.7244541860147131,-0.5766305403362266,-0.2560582292489911,1.530486901015883,-0.010541789094510914,-0.34606583677235403,0.2851186342562541,0.32559083533669525,0.5297777588727787,-0.530961688095331,-0.45993643358281666,-0.19378676741383663,0.35779275467077554,-0.24628732617398166
-4.5410982944915315,3.5638132264625058,-0.8304311926394451,-0.5398872059251207,2.6538920481777635,-0.9793051968274151,1.4857323376893181,-0.3506028355882341,-0.1366915825333404,0.10252795862534442,0.09470329375172944,0.8426606169729656,-0.25248203060440655,0.13423144200890147,0.4506766187929345,0.08833239498674864
-2.8475979342019313,-0.371616177103775,-0.7577666574301649,-0.5567106824796595,0.7923109116607392,-0.36107180015105805,-0.42922922401905234,-0.11111332273827128,-0.20647210864229532,0.10137769360372142,-0.3312523403222939,0.4196698492753381,-0.0526230916792476,0.46851491279438245,0.11350563255276017,0.09093010066840387
-0.6485266594432155,-1.9118452416273082,-0.07697908856250019,0.2630580360648117,-0.6801219401006615,-0.6717652913736528,-0.07395186894551335,-0.6278230058250444,-0.14904806579122917,-0.2440907173162523,0.0131449314684468,0.07447272815952617,-0.2945464689611183,0.11606965850416115,0.21434709412396344,-0.04360378197206695
-0.7081725175333049,-2.6691054974300044,0.05535322648074364,1.4986034199646883,-0.4568635814494129,0.34404873919023,0.5898679362367909,0.2815335909727697,0.22827069477419784,0.05186005811821351,0.06713632586034317,0.4686873630732108,0.8414534397409035,-0.3169268200094726,0.12828168571608925,0.1225867891448565
1.4403748688491378,6.383709362249914,2.0798404875582164,-0.42934339637838953,-0.7208713339583518,0.8678720024050113,0.22109713522825927,-1.1624677042562064,-0.06558738239252242,0.2319975610698864,-0.5885241574135835,-0.5649124488398712,-1.0886489372516424,-0.8227907780742942,0.9190393520244894,0.09241391614591202
-5.307423667663723,1.1234455098204226,-0.1755256707175442,-1.244278606644031,0.9313683134856361,0.17643000260020195,0.9803708393267863,0.6392325862044469,0.11295472924143511,0.3005352727814742,-0.25807052626400917,0.6184853065216116,-0.7446317824590657,-0.22087569118474115,-0.20504727860512828,-0.029277875781989694
-2.981495534295294,-0.016957426027746827,-0.8033117851514221,0.1261451160367449,-0.3423281445357723,0.3541961799387388,-0.38824487537574504,0.8218172243467724,0.22808212536220696,-0.6598333997068222,-0.21448724810110306,0.2181038880848991,0.14990286921864532,-0.12330374194952083,-0.0693341510328365,-0.39470484527131616
2.5165291996550545,2.2062369236247505,1.431380330504631,1.1318763037101678,2.0587276216793104,-1.9704674966724425,-0.7273018293515691,-0.04088832732866588,-0.0389926376878741,-0.9729287421515654,-0.22467436399684276,-0.49050580751981493,0.2782616005015206,-0.2630987430667368,-0.0012301906156605025,0.14121924817534187
-2.133763244563604,-0.41762095560370494,-0.4783673512339256,-0.15101693991584553,0.7339050710178547,0.9950029231967327,0.5626378277593282,0.26253048851148536,0.4225904832246731,0.29488068230937114,-0.6154806241079314,0.039688493998922776,0.07615998699332853,-0.04324722028202129,0.2759792023712272,0.06921711782713305
-1.6489485178150223,-0.21734698551294182,-0.10512071670304314,0.19709451357544877,-0.6317364688988077,-0.7851486885984779,0.5955498504479905,-0.10087238900720034,-0.3018118183766451,0.5636006587504794,-0.5264213826616558,0.21610369005197427,0.014293559848397695,0.10274754948890351,0.4931135827263512,0.4573461997287294
7.78268448056327,-1.000789585526066,-1.8304355540578912,0.00953374839447441,0.2908052173964935,0.21964637928371394,-0.23311616159927254,-0.021865551485293573,-0.7145885594522553,1.04682787344429,0.3297466316694724,0.645005700755291,-0.4586366749080936,0.04097703981127711,-0.12061311140231205,-0.09806723726731717
-1.4413484350562433,0.6056151404128118,1.1595517710546237,-0.47617756002409095,-0.9206299428958388,1.015164203214422,-0.06696791603090523,0.1534890890337254,-0.03419757433611538,0.09889168519031179,-0.6915889117807702,-0.14617037237206304,-0.2946657576868008,-0.017167951918528032,-0.04930775479571445,0.030375728593069404
-0.6427476930342896,-0.9222135340987506,-1.6349418086126717,2.3822570377978605,0.00944276792211423,0.34426111295908307,-0.31389954949544957,-0.08885872548854,0.6599612027609448,-0.2955719720359518,-0.2577414945667176,0.1283930575548765,0.2000218642944277,0.030241766693824536,0.34839450663956795,-0.21406851493577173
4.942280606359157,2.1835035061685235,-1.6700770478978009,1.0333005888675613,0.07260322753436904,-1.5816674258941616,0.420532139945949,-0.0031176194561833826,0.6785146478714595,0.11969904839435769,0.1708998592199546,0.20652029298884125,-0.3721533596290632,-0.06949960434443936,-0.2757399687624648,0.08625280720650241
-1.9845389171391274,-0.2466068033071394,0.8225526414673334,-0.0707161967536449,-1.0962379565419038,2.4498248836316843,0.071363972184048,0.02376595539202663,-0.23049969028282263,0.0386475859396872,0.2435106350681746,-0.3708056967583142,-0.00758354529791093,0.2345566562040603,0.3753764592983657,-0.10595311501795648
-2.014576724907173,-0.1516726295768628,-1.7957814521207252,-0.8010683422079812,-0.9814143717284386,0.35325554126537556,-0.587166906771728,0.10963718891041828,0.1621232009523382,-0.25915580926942744,0.005487326339090852,0.08018813197585203,-0.3184065774065509,0.19865873170376205,-0.06824240576942271,-0.056263039492331454
-2.408098469311786,0.048115802646615746,-0.761636166114722,0.1451754627540598,-0.07133146786864152,0.9194203822982472,-0.03178577859323543,-0.2539201850695951,0.5666944545313393,0.3661638501792097,0.21622532691246985,-0.1727620097971081,-0.04694339158750197,-0.15702291703988133,0.13630464164960618,0.044588469450833126
0.30032226941311746,2.1208629237370458,0.5989875612327576,-0.3049861377921787,0.2473309340497628,0.35612843373272596,-0.9128259207942835,-0.5554864515626539,-0.44199802729334325,0.24756199301242574,-0.29002557589854744,-0.26687150590926195,0.5511618198016932,0.3536441782097454,0.007690022471845791,0.03300896745557844
-4.40716422412674,-0.7148559841814363,-0.38295722450708936,0.7176820679253639,-0.36083630134667083,0.34776398997390745,0.6041119340818693,-0.4670029715917268,0.11085492515866843,0.4773192220804749,-0.27030162501281996,0.43125240864532766,0.03312130574696559,-0.22178015620588507,0.2957199590846061,0.058317895648533076
-2.7940992151489725,0.24717562115907832,0.19262846778059917,-0.5205870903354569,1.542037229685447,1.0902593452317049,-0.5915316694203537,0.43932058150799824,0.4360957386700698,-0.022886768900953532,-0.5340078175176858,0.25277626423488486,-0.0018718770037828157,-0.11909676113647377,-0.3814111428194209,0.047342797976951914
-1.6948594345728811,0.9354120950323489,1.6579597013086584,1.1595031268962837,-3.467110213242293,0.5427021913751203,0.4541961823754769,0.5829094680209216,-1.428733358654609,-0.2627560944398433,-0.6155996725647557,-0.09305107226423959,0.23612144806021546,-0.9297848500608423,-0.07915165386287987,-0.22279854297398216
4.5272317557970245,-4.810671741182168,1.1339929883242912,3.1998022392375787,-0.25640207211904353,-0.7178503642617252,0.7293841300089113,1.2139075046438925,0.6456327516416436,-0.7019899003375116,-0.3633057954639727,0.21384968371076046,0.14605151212776857,0.43549401134267496,0.5498471490458446,-0.03127797253475124
-2.9524274026919874,0.43206832018157143,-2.4894542362600776,-1.5599893799195192,-0.2512556913195325,-0.4676644057568482,-0.06894935002410581,0.2032289249410316,0.23239935472645049,-0.6332609582331803,0.4237545678511011,-0.12448053474599088,0.06837160187296769,0.13700614967998118,0.07053947386479857,-0.3522942478430418
1.7120929945261258,-2.104745846083776,-0.7649574726615879,-0.20542550382538907,-0.8779999711327634,-0.37731100754280394,-0.6899586569259091,0.6920401145741885,-0.5324984061890581,-0.4048280094299033,0.027962697410365868,-0.3728926511216512,0.379552311720801,-0.17202937221234982,-0.10525259561128741,-0.3579009824437492
-1.5069285751510753,-1.592987475783519,0.5750589575878029,0.8570283767667016,-0.14358082431340832,0.47098732923104053,0.28909671308959306,0.044574165791504285,-0.21381737559565658,0.5548846100357079,-0.8024444920674743,0.13027999403511226,0.1566363544645541,0.29889789637641384,-0.009005669675939992,0.1937503639127859
-2.9193491779437766,-1.5875892595682195,0.4107378064141048,0.239387439008662,-0.4300078533078405,0.441113245279332,-0.5295050237887701,-0.48939167177898213,-0.769499595324914,0.24978695517782099,0.8408606062570158,-0.1816700642770797,0.22960957373407012,-0.3786158759114782,0.34127122374314905,0.000756301422570665
-2.2251657404676304,1.6056571557979813,2.223640538754385,2.735160610751083,-0.3088964113275843,-1.5717482363412838,-1.1517662766171624,-0.01629633630451789,0.23287462844946974,-0.13435963491900407,-0.07915558018846103,-0.5517851739354499,0.18345892379141074,-0.32133070641547096,-0.19287675876391636,-0.06664411701007739
1.4373351827248715,-1.1686971535850286,-0.8889835369645802,0.9462490350148145,0.8345749683481212,0.6859270834868322,-0.22663741921235717,-0.6098073587854921,0.4032586042272278,0.6413888790871928,0.3642218988347218,-0.23067197073924373,0.11052937492705724,0.6111745384739055,0.33089150311870175,-0.11421484726666052
-1.492956779969486,-0.5176810600322984,3.395536323536579,-0.7082317585289774,0.29757705219313907,1.0202425847897316,1.1255439064905939,-0.9773854498917571,-0.2194629076996025,-0.46125404516493584,-1.3183614868301015,0.024989540397395642,0.36830748811312325,-0.4207984381938259,-0.6969450182100032,0.21412427108202822
-2.6467054096000835,1.4608000819994071,0.3410801799816409,0.17758186174076587,0.7502104770937327,0.9509470004624395,0.41171499743462914,-0.705927279208739,1.382855563368216,0.3140052810094958,0.21796265209300295,-0.712330323832544,-0.10060392110642419,-0.028252422513301723,-0.09668443188547526,0.019444255931066034
3.24850415438734,-1.8508271280221205,-1.0674741734650603,2.551129985238617,-0.8193118633506031,-0.47401645268921466,-0.6065751579706676,-0.11054845165698642,0.02468320914156444,0.22424217774575392,-0.27444380929860873,0.411545572839687,-0.26849694163156795,-0.1356887773105822,-0.3496910886184264,0.0759448030563423
-3.206082977160456,1.224720273898067,1.313195338873443,0.4627034648233785,3.514191469981757,0.4937545947196357,-0.857247137852779,0.9958645602801007,-0.5752677823871408,-0.0882876809595963,0.2068111236153975,0.4492480543295852,-0.1704382175533796,0.4060023474330825,-0.05276692180657964,0.22727912747127338
-2.27994776809778,-0.8595368524872332,-1.288776491724357,-1.3804406747146536,-1.5240274947508334,0.532792844348785,-0.2818608221653601,0.08155239946287886,-0.17862889430660547,-0.28302180151966033,0.2149860719205576,-0.26481624443367074,-0.3485625648089808,0.27936611746053686,-0.1593001795031853,-0.16664922386642136
-2.4327220968043934,0.9353263247675246,0.2664521928604107,0.47512812948510347,1.0541115272737343,-0.7557470590635048,0.3574921262297749,-0.8658777335166209,-0.9741178469396167,-0.4189806614288264,0.0013840240248057082,0.2627579935209006,0.577684773988079,0.3522618585344636,0.2675770181282875,0.12006886351107635
3.70676936996895,2.233788125834328,-0.012694419136165827,-0.7998429001879557,-1.0443116109253092,0.4486917096777201,-1.6166639685847377,0.32039257923806563,-0.40322406433149854,0.751857210076202,-0.043206966418997836,-0.38144428041046574,-0.47118543190021867,0.1313204679659445,-0.007432460006428232,-0.05352015377558875
-3.1286295455591566,-2.010033654566783,-0.8592913903809836,-0.48030897198454603,-1.5376930810013296,1.5191627409326043,0.39434745073917427,0.2279491471145308,0.34676325095410643,0.7022430391018674,0.526993523425772,-0.39640643418114624,-0.28373255402823266,-0.11675632281865354,-0.027141594088557996,0.17857734316783727
-3.858107346771381,0.6055153894061766,-1.232702313587066,-0.6849440486231331,0.6693004342018122,-0.6102615978422141,0.5469182200183494,-0.5756773433396756,0.0577024773787366,0.4138262944311892,-0.26929783880476477,0.170987010696165,0.1203648997745877,0.31304920317429863,0.04343299304938237,0.1792737615224061
4.6240428302708185,0.25943593898191986,-0.5445434055780487,0.8689121441390191,1.5661355103770207,-0.45325474994046616,-0.8159212196976489,-0.6180082291302442,0.40979581737994786,0.6352607876979374,0.1079411989496245,0.5107017022496106,-0.6814776001068589,0.4836500331073971,-0.39139622381572386,-0.574962332824048
0.1515229788058317,-0.4676905231404025,0.019950035342603454,1.2534083990670486,-0.962046066470847,1.355648643625332,0.08817527936944841,-0.15143498385898116,0.020451082711372144,0.39478030763853916,0.33377624362032454,-0.44960087039606045,0.3133894038011891,-0.017589423897496417,-0.17642437868171545,0.39654973812876004
3.597367798270066,-1.1901538320720753,0.8420635807110377,-1.1543561438669818,1.5211776979212894,0.5053693974134272,1.03576406796554,-1.2824697905936788,-0.6193854289433264,0.6161709908105303,-0.04152976097587863,0.9021102709024781,-0.10250933307436083,0.6890071400654104,-0.46603012117913845,-0.4119456251293757
2.3504274402649887,4.800754471580684,-1.1412003216011717,-0.13753131951189637,2.4033645306316735,4.584107599162078,-1.173705848644321,-0.13850155025226787,-0.47521781511466227,-0.26491099808663704,-0.12592979016306663,0.3185554553430566,0.5722024347541688,-0.8731218157672974,0.057474254255854576,-0.2497202633435866
-1.4134164667299225,0.788434963381172,1.8016578801290877,3.5059422466430306,1.0548191489202492,-0.2053231455582521,-0.8937953608054708,-0.16009914219548732,0.1146168153998615,-0.307631356831607,0.09973346677779568,0.06262790041745275,-0.6395193436202745,0.25761646854248754,0.28166920429468084,-0.04441041678628224
-4.344128240858069,0.10564760652441675,-1.6113934220138966,-2.397373862541912,-0.40180070914159977,-1.7044000777443922,0.27646502239487986,0.21725686290565344,-0.19298791720151334,-0.4733730160356256,-0.07467593666678655,0.2766638358744914,-0.4116441265970002,-0.04462855707672781,0.10672919827612383,-0.17954174176504561
3.7749211916444385,-2.9227789328663945,2.8188637554804377,-3.634464130632236,0.3061078661586512,0.16104791055354845,-0.5661841764273926,0.7202889311021872,0.355694776084067,-0.8450257575410972,-1.1074965341736096,-1.1610172662806706,0.12750134404340568,-0.5881782518520049,-0.5907437380469143,0.12312685997857614
5.731743835655797,-4.2699950786360334,-0.052204967465085614,-0.44810461365719284,-0.42623169912015296,0.8818809784104814,0.1142368683930709,1.2857769703621529,0.09142753534273752,0.3695428602415617,0.7164827566468388,0.17508934229654502,1.1788487975161057,-0.6883145190243548,0.20242955168398355,0.6059265724297713
1.6430968573009883,-1.9677487996185983,1.13366951125439,-1.0313255059132962,0.8554441329300735,-1.2037149942098888,-0.7604514331674069,0.39219096498808786,1.2865511876199212,-0.748323551324298,-0.17250190593388304,-1.1112977320799031,-0.20288584438517349,-0.026029306641524787,-0.1634469835501185,-0.2831389027668838
-2.803383604416892,-0.9387475771484759,-1.511607518599774,-0.2861806724587108,-0.29374550341189365,1.0319214214454364,-0.36007400590982525,-0.15372909099249404,0.48515065107379934,0.032571384104020176,0.037465496224311105,0.045722625247400575,0.1931122056926744,-0.14962887729813792,0.029233637923517825,-0.15456862273721308
-0.3780813858847324,-0.5997517932518114,-1.3450669569714668,-1.1482999310961866,-1.7642559074065742,0.9894167211544594,-0.11211940476285819,0.09734280786340922,0.013538099935542277,0.2737244108704133,0.2457824847930407,-0.8044650304736815,-0.1450410456046604,0.21847823736175953,0.08184461124156432,0.20233384290891365
-3.593522853166464,-1.6878390516144657,1.249338705360622,-0.4402046457129735,0.6138703251520773,0.7244010434649695,0.5127542638991989,0.32455919113447146,0.44403109692714265,0.569028247949482,0.17013488731905801,-0.055990734050837154,-0.34201337092942113,0.30939126366571384,-0.3714984567386576,0.16016156357516034
-3.428983433156947,-1.1971809670537579,1.0940800372359585,0.3196461999267132,0.22407947798154143,0.3641951814600594,0.32506972064629214,-0.0468859800499661,-0.05066067439066064,-0.4418346912617813,-0.9335613853124208,0.2822309036699295,-0.32689208630584254,-0.09783008074030897,-0.17933907066576732,0.041155226654230825
-3.774522762880105,-1.456689654798332,-1.233909627124504,-0.6722985260770775,-0.637487250692366,0.47534538209471905,0.9766259123627485,0.1535663889143592,0.09354913411002876,0.4691304318878326,0.09604886847983306,0.4154735243128884,0.20255038232796105,0.24696582761125277,0.07628014961945401,0.3390396609010602
-1.9925346984699484,0.4954564273354977,-0.20866391316701974,0.3202387145139804,1.4351142010933005,-0.1659755672529897,-0.45317161569104375,-0.5689981889450365,-0.13201183287853022,0.06579823843345381,0.46221432614617075,-0.11490782380887428,-0.22288533547667716,0.4748826266337173,0.3499391739840858,-0.16522499598743326
1.5335713607165442,-1.0490781046521354,-1.2741656446947636,-0.2784924828786051,0.5997018159085288,-0.8686324444481908,-0.5582987262416154,-0.6005902381203602,0.46442470818802556,0.2189359127283119,-0.25517814941379846,0.11640162832396518,-0.23800121393354248,0.33026096777205316,-0.44530474958164007,-0.32292809843671216
-0.9717824919123949,0.9745485587267982,-1.1266570390170823,-0.8857728929995791,0.64655032734063,0.7038261088966346,-0.6755186626020103,1.0430766935873936,0.2851359029393988,-0.4463886250763031,0.39272158655152883,0.4492645808324335,0.0801530105024817,-0.21848503942380404,-0.020790590371456218,-0.2202826475996555
0.8323362031911268,8.09442126324405,-0.3795975010069637,-1.3464637578251368,1.5763774061318638,-3.921470084075253,0.9644661051791314,1.6656912029021027,-0.3377586625211734,1.4307121317198204,0.5335817162420212,0.027231066739363773,-0.03139761454005259,-0.9758721836694514,0.7830118997833689,-0.13765939735941038
-3.314126877362067,-0.7075489438603729,-1.1812422402123854,-1.4216993791984127,-0.0935431194278895,-0.6235539484610768,-0.09370500211949903,-0.2645135926214871,-0.37091897023158305,0.2182877594837276,-0.2353498821167263,-0.20194460109529153,-0.013739223698442328,0.2577668370434403,0.4096292307905547,0.0983121193787374
-4.638354102838267,-0.6601476159127657,1.5447487957444053,0.4400287278880761,0.789278391190688,0.8644367183027368,0.5874992846841094,1.1591214395619545,-0.002275787563166077,0.32965196897383786,-0.1500129209284246,0.2208017066578803,-1.0830044465240618,-0.21607853004658545,-0.2546665795381805,-0.1285824767008042
-2.40915310084968,0.9738939547748408,-1.0279702791371075,-1.398729018336915,-1.4276480737231891,-0.24945523856052082,1.2405631669685373,-0.004490032852478726,-0.45714595399736746,0.872764668072258,-0.07496873904988846,0.7893597714098918,0.20659165821063705,-0.24123665041053555,0.3466798511147629,0.5981765545389878
-4.1465416389854735,2.4452478912480857,-1.8866823917742042,-1.4744133165855418,1.084233858970431,-1.041815016526347,0.18252034388532354,0.7486398919922955,0.7839563098456951,-0.7157823093339611,0.02660948166763454,0.5059265847888782,-0.08757168469831725,-0.4957573479947544,0.5889440751863801,-0.3100801960633147
3.90118494492066,-2.85709736208234,-1.5611300961997874,-0.7267040438074074,0.14259318837724028,-0.3326761703006294,-0.06993877499367183,0.28764010238338755,0.3386993032416955,-0.17624751476089812,0.24654111173386312,0.386244381401528,0.6385800646667217,0.045058783580670454,-0.0850062347643693,0.2587402373845728
-4.30340145539073,-0.7902165560479155,0.5464977631970058,-0.6211882787960444,-0.8801441936226275,-0.023713172953799384,0.2789235842396298,0.05224066474020682,-0.24894016405407882,-0.6805399127146319,0.35408738192615347,-0.0793058398057004,-0.5717649282208381,0.04336215333661601,-0.03525254138320382,-0.36966181141657445
3.424857812057874,2.028700316581293,-3.4047841315603002,1.9154427631675244,-0.36900899984993774,0.9059914053368305,0.16097120683993502,-0.3821951844491103,-0.14475586482643607,0.3457160204294017,0.2798299685819847,-1.1918423551993305,0.500548916939957,-0.6821391652973654,-0.24150919963147577,0.06662101329724004
2.1337291130330445,1.0942060691660367,1.5782695039947976,-0.5006233353914868,1.3090023306472554,-0.387105495073379,-0.7888402550682978,0.6174777656642738,-0.8304137349451909,0.514686446179578,-0.5252488135128233,1.5658088010497726,-0.3982159437714243,0.6182547926695814,-0.5311087554613436,-0.025775142327614596
-1.853110231412412,1.4555612971209635,-1.483756923321362,-1.3548740934511139,0.8861627821581286,0.513570311969226,0.3063102252268013,0.3848268892430066,-0.46424293140062284,-0.016811337781070135,-0.015270799101980927,0.10693441603818223,0.6711747551510943,0.4079094621052273,0.03793296757694806,0.15318409887134227
-2.3093490984376457,0.7271765333151119,1.0510551941211046,0.21771548491599735,0.6074436492516155,-1.4199350993278281,0.16938565202442732,-0.35613647734390225,-0.5390990640071419,-0.7717115883454619,-0.3258756832189373,-0.18890391619090244,-0.20424323386383786,-0.27175880237872113,0.109992760321524,-0.059159313736531986
-2.573037145755287,-1.0245238098175495,-1.3175993123413767,-0.8284428165651607,-0.4694739428112654,1.6321217694816652,-0.0876960167114737,0.4168359984578771,0.22455421513353463,0.42314339766024506,0.17670474869092417,-0.10355619243440065,0.12013651198947418,0.18687591607798085,0.019985425155046106,0.1650223981886559
5.075371255099139,-1.3080932068823303,-1.9262028484337088,1.4126135664632402,-0.8218735124617016,0.32633414131526745,0.9000559258589053,1.3918292411984692,0.1595309271689569,0.17013123198453853,0.07841023568996687,0.02755961370335309,-0.2912237236457723,0.21888964644791434,-0.011368815844043315,0.5096498485771347
-0.6343901827977723,-1.1547169959256864,-0.11138178112048659,-2.3383308153647127,1.2857814084135157,0.6320506876929525,-0.699482275847158,-0.40963478763942585,0.6551193021126627,-0.2165152541349501,-0.004756195694261732,-0.6185152548903531,-0.09415401630303408,0.40911520661978257,-0.23553817588889,0.03640318928801362
3.442079602057251,-3.415810407102962,-1.1313929824802804,2.1941914448432525,0.3160898671616993,-0.45636300464643065,-0.7744112424513945,0.39050727562880744,0.11436894725247461,0.9421791908359046,0.2160400647947197,0.7830153754540352,0.45454125959042924,0.27990414532424623,0.28566603472388946,-0.09659903334309347
13.425668938241639,0.7104647115097499,0.8514837569445977,-1.7155354870550035,1.351228153952838,0.39520091094784804,0.3074173912281102,-1.0979857083435833,-0.1883092980788386,-0.7961086359415952,-0.06419463812395339,-0.3302781775567079,-1.5817505488431771,1.1900305862350171,0.38292883246107506,-0.49079357794133205
-2.3822479521001765,-1.626676762263699,0.9442270840920316,2.715777956331348,-0.26020326297413016,0.3306618139556938,-0.5101068811023127,-0.5443055889381433,-0.1915418490328206,0.49033982528805714,-0.7883533992546891,-0.044852438270983244,0.028319148927991526,-0.02332478682945058,0.1707879251066738,-0.0411367704035457
-3.6282806791346247,0.9519439920922909,0.060822387433155,0.4096307192992865,0.49845358447705407,-1.729121516277699,-0.24919792759528953,-0.48692722660433335,-0.5406396093885815,-0.1427234893634388,-0.26775692022185044,0.46777001628326437,0.28213334365783815,-0.12090679975895587,0.09550144796723456,0.1509459573194617
-2.3903082963563937,-2.313241869500563,-0.1878331767950648,0.24309308529579765,-1.1304899377176114,0.20456230593145466,0.5127534729342578,-0.28690787355650005,0.3398359842560694,0.054229575990454706,0.06929459539496921,0.015533142939717815,-0.04065526057098796,-0.033152852077683446,-0.1609460140931154,0.09202630855393226
-2.9052946805689297,0.4394670622288514,-0.9807227970230691,0.40408185692432874,0.7921230200023442,-0.2635395999582317,-0.009805307345052267,-1.045416487871238,-0.32473598232971457,-0.23287019762458486,-0.10440603718718953,0.3362271073413836,0.4476170378634283,0.22152325532446906,0.19940712024181587,-0.049228723740617576
-3.7001475253281,0.373466414905366,-0.6459312964000563,-1.7371839139860386,1.107147208183557,-0.04235242637397365,-0.6400287076908938,0.2197145770058456,0.23592439038928967,-0.04068695394559468,-0.04125156270997964,-0.0031894800167855345,-0.16944779105779967,-0.00034027489749258096,0.02664568064091585,0.05976732940703185
2.9338913444677637,-3.9562036554323132,0.2530050697198378,-0.521699150363206,-0.13038638980457898,-0.65469223172528,-0.39928210360362754,0.48964729880343516,-0.13673191465484552,0.26060205324838953,-0.11676681426133231,-0.08526705920062254,0.4385892988149474,-0.13933720884428816,0.43422618607259705,0.19663300322415123
-1.340963297382801,-1.725028439596364,-1.4806731797098271,-1.2540399235158282,-1.808141842836578,0.7056101747901454,0.1986303890621197,0.048756090600622894,-0.014193659218041508,0.1314727970593442,0.33853645159750856,-0.29073943368060773,-0.23118907106534894,-0.057755318530281756,-0.21203524115052216,0.30762790390767425
1.291341424242603,-1.960793264162929,1.197297138047621,1.5955328882050555,-1.8113845271085924,-0.3482578750451207,-0.23688919231989736,0.2754022667093428,0.2568616907823428,0.2500462254239866,-0.8372995776099519,-0.5030617472019084,-0.051467743034526,0.3086648558297137,-0.08562771231618936,0.2088694904827168
-0.6243975123820837,3.5656984194784918,1.854867794707493,-1.533051066532309,-3.396277407222429,-0.9115532237246603,0.7769598316415859,0.24461473351511454,0.86997057996282,0.7557598367111628,0.4079213733197335,-0.5472827803201233,0.2808603460079208,0.2314406973689657,0.13271216284859097,-0.02133773666325732
2.220804488589545,0.8807912805119483,-1.6399450548868653,1.0307171323946052,0.1964939313459763,0.535836322470147,0.5398023881388381,-0.8836934274793378,-0.22376565383884955,0.25615012951586,-0.3869959375331675,-0.044799455197879944,0.6467700133899492,-0.05576463062959812,-0.29570813105982857,0.2071478713240197
-4.917770568913177,-3.2564279860079175,0.8274709961626326,1.1629690668502595,-1.223922169392824,1.2186857887213292,0.23801500112303725,0.21608381381595257,-0.03972678198108465,0.2933781984817014,0.0005001742023942559,0.4034347669957747,-0.42787072589423625,-0.29616790971928986,0.016289237429558193,-0.16748235695552782
-2.0308172743375303,0.7966192754107766,0.2511349123323494,0.5661845266475308,-0.023226248605103684,0.694993215799068,-0.05587301877616447,-0.3776623881423298,0.8712007780789967,0.09819564813156796,0.6254670941226649,-0.21690508308787404,-0.4492507992577215,0.01877031399772182,0.20237774347998566,0.1344320912789504
-4.424533135088528,-1.6168505435053036,-0.9944643499511152,-0.7239759858905956,-0.7292618325487745,1.106407129928896,0.03411140116291079,0.0008548724246401477,-0.06900825514382504,0.0162547237377884,0.09360093908971535,0.5315013571626511,0.0129868320864185,-0.19669162933448545,0.15829805688891518,-0.11577896656328408
1.7128717373202507,6.228247565536263,1.3574328283411954,-0.37125637556772595,-4.327631651273907,-0.12442895428133435,-0.5118128805696361,-1.1173648910386635,0.9678791911891245,1.2184291659400843,-0.17557425532049067,-0.18095664376967507,-0.36590886109801424,-0.6835132478278385,0.6960546735328598,0.2815648655447985
8.431374111838965,2.4484120348575105,6.429008302370883,-0.37122990637488673,-0.17098297934644777,2.363385889317047,1.6899045296867383,-2.523810632955475,-1.5845477114719093,0.01901717160833305,-0.44179294998720026,-1.1642840995480417,1.5364857353089176,-0.6014178045582029,0.7552287981950275,0.35050617504305415
-2.330566520476047,0.8682350148537872,-0.6354388687399037,-0.22864882087146418,1.3481811055020634,-0.10351272068133109,-1.1042191180263077,-0.10780225068710583,0.2557181814242942,-0.07353802104065307,-0.5948380392218461,-0.17875841742874354,-0.1464993210084338,0.3054692873926337,0.24486583914541338,-0.028355901821232668
-0.310327902684445,-0.16290993188640535,-2.985670451240183,1.5237449950051125,-0.42124542176456764,0.3072001568194523,-0.06431356734821189,-0.06817689029658816,0.29799794880935143,-0.2702359720227825,-0.3214294652504529,-0.08300634963174475,0.23285910277974897,-0.15397887164907934,-0.10805170317881489,-0.3262935701600765
3.9072515656132922,8.997636794470349,1.3622434255191986,-0.8349116052373976,-4.014898736337136,1.4259076532516286,-3.6927500625259353,-0.67029431811204,2.2277147547946314,-2.7278963961467393,0.027925520417362397,2.3929126584701437,-1.7521308816563983,0.1629153561524441,0.5840407674485063,0.9936681863483792
-0.7888432321193783,1.7803312619898823,-0.5927097857092012,0.8609554250403169,0.8181348832356818,-1.6223417727973903,-0.4128865011840884,-0.8315220822600087,0.011757050466170274,-0.599653693797074,0.11799027284805048,-0.31452197413852,0.5432446282600693,0.3531285123846989,0.018054327029406275,-0.01687400920895004
-2.604226433875179,3.1810958933520923,1.0990550513447777,0.8755883134812528,2.820526432141065,-1.0377900412133918,-0.37458774684362767,-0.16133966807598565,-0.4133881190055067,-0.7816387378610861,-0.6295887728054647,0.3101535486458248,-0.15076108061317597,1.1467348232146286,0.2646860043252559,0.19072520268143314
6.973869229677374,9.96013192560084,-3.3664846568199667,0.7827503882232903,2.833654455771901,2.5144243929934906,1.0317896584016493,1.3967113919418803,-1.2327403706451159,-0.7565618997343301,-1.0751555143503908,0.5299356887739575,0.901050923870077,-0.7167126405998557,0.19275394883670943,-0.06279636175970994
-2.31745837101233,0.43029930990859216,0.5570600962842002,1.5289497645420813,0.38794234693997426,0.6004892432851396,-0.260495068473615,-0.6809003944220192,0.9625940430908282,-0.13784502421796008,0.16882038683602893,-0.558112478253126,-0.017675959568452696,0.2609130756040191,0.08728565707580477,-0.08167440979740527
-2.4227041538249847,-1.359474759612483,-0.31249699254609153,-0.36203746390355107,-0.6729205535825108,-0.3863912775739096,-0.15576948263817098,0.13449656084825398,0.2948149147981096,-0.5180721695305773,0.06244779638616493,0.06814378797453292,0.18483827239112674,-0.23626073026258176,-0.1714766784895497,-0.10510719036239827
4.814128594129232,-1.1205166874393926,0.3044082164094565,0.8851459259058972,0.25989556765853916,0.3699784129562694,0.29947223197936995,0.9205452349762642,0.34850605789800554,-0.667800898183904,0.9542750751366892,-0.6922440373318881,0.9278200502961178,-0.0288044927719661,0.5565700326252316,0.41094844321053986
-1.3030068874950351,2.5234657823203706,-0.2510495388675427,-0.7264963410684908,-0.45300176341047305,0.2100256828896147,0.4275272955033028,-0.30502893492494654,0.30618109073048316,-0.45829686218603055,0.0426482976005621,-0.3410243318011653,-0.18811006198402486,0.2126223964901558,0.20578525659047547,0.2149921755117372
-2.1899950669766963,-0.3029533407723215,-1.1366207624177236,-0.016295730659683483,0.12543047218956638,0.3984827018928864,-0.28878325885145745,0.23789193910421502,0.3421558252144818,-0.5272676839094828,-0.19936722607532906,0.1124492049938275,-0.09929353229097315,0.1765734223888219,0.022168268848129488,-0.19214096682290913
0.34577289617927426,-1.56720630704917,-0.5310073899020411,0.7291977423783906,0.4117353401828309,-0.7170959469301174,-0.06292511240142647,-0.33344024391353433,0.3841188631958958,-0.8621696512910022,-0.02308023721372467,0.15659350940992448,0.6243808213834321,-0.31753738788886593,-0.048670723890426745,-0.1886358981713999
3.6856512306858957,-2.272588243579826,-1.1497943987819443,0.7539852971620444,-0.42989568103400394,1.4884821973914413,-0.3925429009346287,0.5570235009427743,0.7270178665866569,0.3045361364827784,0.09866259410486979,0.5204915617999136,0.28524384503092876,-0.39302591984391383,-0.5247002689566738,0.21558573293425823
-3.990973784080054,-1.1523473131902744,0.22334303885394893,-1.7367864033196214,-0.49167558257896543,-1.4618088836728296,0.5275570346023849,0.013288387900392187,-0.041934025279331676,0.28261693789771086,0.42518786315242635,0.008453744324033228,-0.02636335320560414,-0.313919715796961,-0.08043471704608054,0.25183441560481445
-3.2394265672135756,-0.31817553798732556,-0.868326994425155,-0.5270072915549305,-0.2085864271805797,0.11496195711951616,-0.46928255375358613,-0.7937040938258678,-0.18105354007971697,-0.0180802805161131,-0.09702800889555986,-0.2807361001076778,-0.08076521725849722,0.2909239512955945,-0.019982612217811946,-0.1821160563753974
-2.0361900094105927,0.2911514850106895,-0.5061205651550916,0.6260221651128917,-0.07168469706596414,-1.1954578034032068,0.41834957057605077,0.2686659269628862,0.542904195284933,0.06632442939340105,-0.49135666259518673,-0.25865312483373964,0.048872543529065005,0.6781085123662297,-0.04079707541726638,-0.07695171548283633
-2.9865280121332214,-0.3607689053021799,-0.571248803934308,0.2587850460183207,-0.6937796345010885,-0.2279128389263314,0.2545184425806453,0.13039489993478276,0.07340668774984535,-0.24316647902583255,-0.3719938616176655,0.17282700394115516,-0.013256119281414194,0.17209619397354883,0.03340677574116849,-0.09496098212072725
-3.664685387177442,1.6459309995366476,0.3685795248259286,-0.5694950147632049,1.5946383255528134,-0.8927517637885267,-0.227805022825722,0.49028645227938406,1.2427058142990683,0.5448331109132262,0.9795052026543292,-0.8888707372574121,0.06506867910785259,-0.37996572209591156,-0.1441414969432713,-0.09124624465280315
0.8235587368187067,-1.6319159070464428,-1.1043649633912191,1.1876125880428747,-0.1049463923103031,0.15685648241228003,-0.09403478534525739,0.3035807749786469,-0.06514993660026412,-0.7334399167796344,0.35080869601826686,-0.04284886823235632,0.8543437586226651,0.36269212504423887,0.06596196841032767,-0.09739701121546489
-3.374020452205937,0.8460299713131912,1.5280414610802344,0.03465872379731365,1.1469213935876772,-0.132421271448737,-0.5359731333011476,0.3060008592383689,-0.3552864483722384,0.23969724188664118,-1.7722895862497818,0.22222387960735956,-0.5587873339392176,-0.26972454612345587,-0.10669839868819027,0.6490323541636024
4.910229511196019,-2.4000607861793526,-0.4999705359044398,-0.5852399983797542,1.3531377643738913,-0.4132965715241834,0.11341628464029013,0.15809331335197715,0.4661945991982679,-0.6819370309019804,0.5553924923629239,0.0016538295130233162,0.7538534703977838,0.054698648768477534,0.4957438432152124,0.018868569336795954
-2.238088261748595,-2.3761379651663876,-0.6936877360486678,0.026044847440058513,-1.1693521512950766,0.01601873226779594,-0.29979138762667457,-0.20575870171369276,-0.6059890729609394,-0.3902192602973541,0.31029129675445116,0.26781434414346605,-0.19231664159024658,0.40875707988632987,0.025083448194633953,-0.09111767734350053
-0.48396973813424937,-0.21136482588345556,1.4057960238995821,1.68300715200189,-0.39305890398168974,-0.8240989728620014,0.031919910404106876,-0.026770295803418623,-0.575811734451542,0.3545118848763252,-1.2961038962542113,-0.23045413989310143,0.7905683716732316,0.05849229776487433,-0.22695053200819257,0.2202465229354877
-1.8542331200200377,-3.0595775183408245,-0.6508029400695056,0.9806842386353817,-1.1687592225534316,0.5477158827822501,-0.04935230231761411,-0.14902059276904644,-0.013166310474481403,0.1316095646943464,0.4782584584178781,0.2679280489462737,0.0901982007567424,0.05477470467269662,0.2741859633566462,-0.08802056707495533
6.053584255713986,7.315970731107466,-3.4808648891368237,4.158500705344536,-2.1515645986688448,-0.5215400770580156,2.1155595936536615,0.6250317365821808,-0.6371145080236619,-0.9196466785648837,1.127107435007818,-0.33512450193431853,-0.006420507373457634,-0.09285399776611318,-1.1255780325175144,1.0221857950871298
2.602121469064718,0.5131646905815913,-1.86840500772287,0.030733029531119813,-1.290928338949824,-0.4559351577724389,0.12775764580505974,-0.591710873520638,-1.053934607107626,0.7657324749477334,0.054305075166554265,-0.0439703364970618,-0.4796379009523848,-0.01886188350910914,-0.18904200249279735,0.08089919705666526
-2.7957632286633194,2.3098427926747225,-0.2780480396160267,-0.2403549352649721,-0.4781706762709898,-0.7271091732943114,-0.05384501847812775,0.9828014500387587,0.0005457034686878326,0.006982117169255361,0.13072922421862637,-0.1660691541507596,0.2696249479187577,-0.32875631467054517,-0.02061927350550114,-0.34077668385006404
9.023303473957405,-0.7881750551537146,0.6511007163862054,0.5146344370684253,-0.3053843112484497,-0.7860795611906773,-2.440875559077517,-0.17586043641378424,-0.540528340516933,1.474437802069475,0.46541712388519174,0.37529139592243294,-0.3951337379579154,-0.10854589744984673,0.054171399541998275,-0.0029932676658970003
-1.4463734018069545,0.43811638481603726,0.61206308039929,0.34519561503185436,0.7951618889988872,-1.0461141235731781,0.3178382009518456,-1.412449925490533,-0.772661254212658,-0.7379541920927158,-0.32518732911458287,-0.23493424642156985,0.22776765371228488,-0.2081077044249951,0.26487066175217056,-0.10662374651742872
-2.963345947989465,1.8438929399438182,-0.5060124939569541,-0.14598645698017818,1.4290042998932826,0.0037809770429937115,0.423815374454222,-0.19742049146261306,-0.049680102377237446,0.24403219896203512,-0.42437291746746536,0.31328969551705804,0.28717460662734456,-0.05502186378288379,0.09756628718366649,0.15207717633645687
-1.902209001709337,-1.7514160011459503,-0.35623885083346013,-0.5121024268821571,0.17333330916291165,-0.2423180434651317,-0.32508194004878127,-0.7646532519387511,-0.49104481890299545,0.5675370134281528,0.1587044764813668,-0.28791266338843424,0.3357124712313706,0.5774954765584284,0.17382433135345285,0.172508623440855
-0.21327128040722018,2.2596610492607168,2.054420979054535,0.00042503685248462955,-0.4147304022538945,-1.5996194016057095,-0.8170873669940407,-0.0755167610229137,-0.485957805733139,0.5041605857782451,-0.2949450300492927,-0.7853432800582698,0.10618832467226147,-0.6778662397617318,0.2823810253911785,0.17063719272381062
-0.9718218983991967,0.9024734304246904,0.24754136144045674,1.2591286178480403,-0.19593041730086155,0.3095279278016948,0.0242324064121578,-0.22080925989437417,0.3195289654305991,0.22872598469373684,0.12326545523203489,-0.5676463235192946,0.3306300357516265,-0.4300403278226752,-0.09656152400022501,-0.0760811283953191
3.8390812576251445,-1.0598837149628635,1.1527464498162336,0.5392213129946806,0.9166771615500333,-0.7930440387018406,-1.0811733929694392,0.29790059928104706,-0.5397177841257108,0.9724403276327781,0.6482297836295551,-0.07706525976989574,-0.17556751377663554,0.11165941920915833,0.25455909344670885,-0.1129879339620344
3.5578954385180377,-1.627570364853498,1.7045881936175185,0.3897726552853091,1.1860746372341486,-1.2876136245757586,0.02234187180634898,-1.6380902990759907,-0.025172586633421933,-0.976247965494893,0.041023781801034644,0.2212621927185963,0.3418669548454294,-0.20915552639486046,-0.35682905039740165,-0.22206660036230308
-4.05795230438313,-1.2594375267913958,0.8138998206758817,-0.1422657840565671,0.6012362886946906,0.8448856755926086,0.34829831888605506,0.1829105976552342,-0.3182678751028879,0.32710643098735986,0.13756742905112815,0.4696197874884354,-0.34122079088886,0.14161089007766964,0.0068076154560037195,0.20560375117243027
-2.9353604443355112,-0.4519903072451211,-0.7201179952610337,1.8584729423559723,0.2486457065997217,-0.28668245924167624,-0.1461428241999661,-0.5480080098857499,0.2148778741212621,-0.8400959646124964,0.6375626255983783,0.016913635842607737,0.4011802307566939,-0.03324653492858176,0.357308311104535,-0.6969174922659479
6.013725322438828,-6.865741742284681,1.7935910164397313,-2.2821138940424324,1.727702295484117,-1.029598748010949,2.045372494563885,0.06921146037388047,1.7604850005979973,-1.3724791584980047,0.6066562199077817,0.37098872973794494,0.10020501129849399,0.3116523207384167,0.369817419104411,0.18162425538019744
-3.5502580681003844,1.7184371012745554,2.1041782873260884,-1.4891209664087257,0.9199077314089232,-1.6564747939122562,-0.7579599868182916,0.7137844400518015,-1.1179127771733772,0.24925178769803857,0.25813962765074794,-0.14759320719510982,0.1252173788903008,-0.6039790994346509,-0.14965523369319494,0.5553680300517442
5.213327052861083,-2.1090648528699614,-0.3895661555192764,0.10599404377419164,-0.28952215167131745,-1.5359621265323151,-0.23008296309016507,-0.4587059405439578,-0.46829248717235966,0.8024315883927702,0.368681133495416,0.21078044240178043,-0.15027981042480631,-0.06718502945696811,0.01411783145084964,0.07982210866215693
4.857950504789385,-1.552570825214713,-0.9596730144913038,0.19525053217517455,0.16949459385022117,-0.5486195581900661,-0.4346426995020363,-0.4653385259404763,-0.6398174824744556,-0.06645564134676948,0.8979531901146508,0.7657992358166019,-0.09981857415398748,-0.007340601017522136,-0.13555748583387625,-0.36493392580960987
-0.38813809020033707,-1.0241667069307083,-2.2460986083772054,1.0826509487284108,-1.0765995904221026,0.4080361519888618,0.4766963139215182,0.34079242528519116,0.1982816223478718,0.48449715887954664,-0.2467702346591215,0.3152597477900286,0.13805638091615471,-0.13333001190572463,0.12125611719808087,0.4818072698677433
6.970517342787103,-1.6619672950496946,0.5964659543452132,-1.357089508780317,0.6129890555720352,-1.1054429750605952,1.4837714893448655,-0.5225747141616005,0.3933196816874102,-1.1115585968775552,-0.21649794789252796,0.5049451521276536,-0.33824912867800844,0.04311990482573958,-0.3099057655323931,0.32957628578039094
-2.321138405604655,-0.6915269534388214,-1.8191406107387473,-1.5462127546034903,-1.2036952706932282,-0.769212325998724,0.6515505744558442,0.14814000830804644,-0.7697649555979441,-0.3347130923298023,-0.2807889354411208,0.5042899515217526,0.10768486594015822,0.13124458492065258,0.14872318763246642,0.23250006888461444
3.2433886449243357,-0.15436080153497792,-2.921268730770695,-0.15999091033789845,0.16122897258965088,-0.916680351863237,-1.2978813258013056,-0.8204147859074574,-0.10532504754728482,0.8197108486365176,-0.001281445241963282,-0.3226631251455557,0.06158940598349938,-0.1844855539865693,-0.24498248296980493,-0.40343441665408947
0.9188917218230063,6.793054016544416,4.221199917249353,-0.5267599591504691,-2.2451048317070925,-0.6874625912033179,0.7953279531294836,0.8239210670920225,-0.3910273110793494,-0.2385312331284739,0.31542172681278297,0.8492915964720119,1.3330962257141235,0.19353419590884627,-0.12486369913494393,-0.484232621016119
